Id,Mod_1,Mod_2,Mod_3,Mod_4,Mod_5,Mod_6,Mod_7,Mod_8,Mod_9,Mod_10,Mod_11,Mod_12,Mod_13
1,0.010491642,0.000327377,0.001015566,0.000207422,0.014725757,0.000224887,0.000146646,0.000364481,6.12E-05,0.000627163,0.000134607,0.077252709,0.000382136
2,0.02560722,4.51E-05,0.001241912,0.000626926,0.025799902,0.000532545,0.00023757,8.84E-05,4.69E-05,0.000279368,1.26E-05,0.059937786,8.79E-05
3,0.09058912,0.000100115,0.000109943,0.002127481,0.009121025,0.001754591,8.12E-05,8.22E-05,0.000336917,0.000662455,2.17E-05,0.104715355,0.000408808
4,0.967168,0.994423807,0.947732747,0.999875102,0.96918273,0.999923289,0.980201304,0.997853041,0.992539704,0.994407892,0.997352242,0.913563524,0.996980608
5,0.693538363,0.166254371,0.040761154,0.751216631,0.133611143,0.752005876,0.003594671,0.679686069,0.300936639,0.962590635,0.479407102,0.60225759,0.460314125
6,0.602771987,0.043265194,0.004790211,0.764290462,0.04692756,0.814565493,0.000418637,0.008578025,0.015605446,0.004655353,0.00911036,0.26540377,0.004694514
7,0.00372267,2.64E-05,0.000397966,6.51E-07,0.000235901,8.32E-07,3.28E-06,4.72E-05,0.000110596,0.000189027,7.05E-06,0.003603514,0.000172669
8,0.004539121,8.62E-05,0.001139867,4.69E-09,0.000437619,5.94E-09,2.94E-06,0.000184289,5.49E-05,0.000189027,2.35E-05,0.011677648,0.000786698
9,0.00101796,7.16E-05,0.000255648,4.96E-11,0.000175473,4.94E-11,2.04E-05,4.34E-05,0.000421584,0.000375333,3.07E-05,0.018689014,8.11E-05
10,0.004299454,0.000114564,0.001556792,3.95E-06,0.000313314,6.18E-06,0.005834783,6.76E-05,0.001323931,0.000367528,3.57E-05,0.024621493,0.002098827
11,0.001198609,0.000144633,0.000188406,1.71E-09,0.002780445,1.60E-09,3.33E-06,7.72E-05,2.61E-05,0.000216883,0.0001014,0.012050253,0.000415447
12,0.682685825,0.70761317,0.2228591,0.8773123,0.925470412,0.902739089,0.305514842,0.979995668,0.843290091,0.983287334,0.948740602,0.829345123,0.668109536
13,0.998234251,0.977344453,0.985187531,0.999998028,0.988233447,0.999998665,0.997254193,0.99961853,0.969248354,0.992777765,0.995887816,0.985083231,0.994237781
14,0.363280367,0.345591933,0.08890909,0.035456553,0.173416644,0.052922235,0.026268007,0.093560383,0.053715903,0.92078799,0.512124479,0.609482665,0.855901361
15,0.996165832,0.988279223,0.988834202,0.999991621,0.980874658,0.999994662,0.990805387,0.999505639,0.968457103,0.987446427,0.996037602,0.978589225,0.994963884
16,0.803360856,0.94610256,0.924257755,0.975285719,0.361731619,0.965396192,0.865218103,0.904401422,0.957170725,0.961643338,0.973740757,0.940896788,0.973673403
17,0.085885433,0.236933991,0.05783242,0.0011528,0.037196491,0.000891662,0.483840883,0.001552332,0.001762823,0.049936518,0.007722691,0.255918568,0.027184492
18,0.94150099,0.984934926,0.929587126,0.999703715,0.588075876,0.999639709,0.923716962,0.966335654,0.957221448,0.957682908,0.99580425,0.955851109,0.978420675
19,0.982297906,0.990497351,0.986488283,0.999867292,0.970414579,0.999863919,0.967432022,0.99914968,0.99549222,0.976063728,0.99952817,0.976180531,0.952848136
20,0.04694213,0.488010168,0.008600723,0.000892011,0.291019946,0.001040287,0.021359762,0.006653039,0.061537709,0.146119431,0.134625778,0.239907542,0.016928487
21,0.849305294,0.993827999,0.263088584,0.991221776,0.700692594,0.994238283,0.955239117,0.150171921,0.992776632,0.711807251,0.875101268,0.657309689,0.80470401
22,0.984453762,0.989892125,0.989693224,0.999904101,0.968371272,0.999879065,0.979070783,0.997808874,0.995516121,0.805861354,0.999481261,0.977565334,0.966085553
23,0.013615599,0.000233729,0.000613068,3.35E-06,0.00234502,5.22E-06,0.001161651,0.000348266,0.000117344,0.003280077,0.0004737,0.010046218,0.000958948
24,0.007815937,0.000948017,0.003430703,2.61E-06,0.031916384,2.86E-06,0.016385961,0.009150731,0.001326461,0.001453227,0.000193078,0.019227648,8.65E-05
25,0.019541352,0.000198709,0.000741114,2.57E-05,0.007621463,3.91E-05,0.006098527,0.000405333,6.98E-05,0.001011818,0.000438811,0.014994348,0.000859456
26,0.91038393,0.944838703,0.900482416,0.994663476,0.908441424,0.995556066,0.987115383,0.293241143,0.992733121,0.914997339,0.96160835,0.822261757,0.865763187
27,0.928025693,0.946781695,0.92073375,0.995815481,0.95687592,0.996298755,0.993651867,0.073162779,0.996250689,0.922182262,0.645398974,0.85500187,0.877088189
28,0.957022891,0.973078251,0.803453088,0.999002593,0.967149079,0.99915482,0.988517761,0.936321974,0.998523891,0.960946798,0.979423761,0.922147401,0.860973001
29,0.987926888,0.999319077,0.994875372,0.99989729,0.951938212,0.999925353,0.988579273,0.998709083,0.990940571,0.992780149,0.996415854,0.970382067,0.998083472
30,0.027275413,0.000533146,0.023490969,6.19E-05,0.004015178,8.83E-05,3.83E-05,0.000202211,0.008511343,0.000497476,7.05E-05,0.040755808,0.00043505
31,0.056039248,0.000968064,0.002255628,0.000197133,0.003437295,0.000405799,0.000177998,0.000577778,0.00051059,0.000497663,4.86E-05,0.114452748,0.000496643
32,0.093477876,0.003306212,0.008524455,0.000495797,0.010551968,0.000704896,0.001712368,0.002404926,0.008326245,0.000548075,0.001618294,0.230417102,0.000183812
33,0.952729867,0.999343693,0.996809065,0.996011849,0.941841662,0.997415087,0.979578316,0.986981928,0.980140626,0.992779791,0.981371999,0.944101731,0.983784437
34,0.983520071,0.999389648,0.996518016,0.999717192,0.983430266,0.99977529,0.98688519,0.998831689,0.981014967,0.992780149,0.995988905,0.963632014,0.995390892
35,0.984519704,0.999234796,0.997823119,0.999851254,0.980251849,0.999869302,0.987501383,0.999315381,0.98668021,0.992780149,0.997848511,0.966304161,0.999402046
36,0.029504345,0.000171924,0.000600094,2.48E-05,0.00167137,3.04E-05,0.000432915,0.000553171,0.000945779,0.000497667,4.92E-05,0.064111297,3.64E-05
37,0.029959458,0.000183798,0.000370279,2.34E-05,0.001641381,3.09E-05,0.000218621,0.000478445,0.001013832,0.00049749,5.78E-05,0.064751475,3.65E-05
38,0.034096951,0.000246679,0.001802423,2.85E-05,0.001713233,3.11E-05,0.000140263,0.000255155,8.65E-05,0.001168339,1.92E-05,0.031053509,0.000224323
39,0.442146894,0.002003458,0.060863528,0.009321961,0.087632708,0.009686162,0.001535038,0.104520582,0.012328277,0.018234238,0.004644594,0.333289963,0.009573626
40,0.985542714,0.999384761,0.997772276,0.999830315,0.986810088,0.99984768,0.988617241,0.999186695,0.97699827,0.992780149,0.995872319,0.963932647,0.998885691
41,0.75716395,0.95953238,0.991232693,0.974042627,0.95064342,0.977189373,0.981090486,0.982155085,0.70241791,0.992609084,0.991796613,0.842735601,0.986455798
42,0.658723268,0.956399322,0.988807976,0.922967994,0.94398284,0.922416963,0.976296842,0.973448098,0.693661392,0.992562592,0.983154118,0.831553406,0.948846102
43,0.206090835,0.005011566,0.113372043,0.022019356,0.173340246,0.023124526,0.009150368,0.002798554,0.012677501,0.001890319,0.010597344,0.295198869,0.00151388
44,0.362425639,0.098262198,0.708841324,0.149768141,0.771759212,0.179360596,0.135919154,0.244602516,0.145800814,0.370948315,0.085763566,0.550688271,0.429326683
45,0.416367584,0.439945877,0.967966199,0.223331972,0.980133176,0.276691554,0.713870227,0.950902939,0.668917358,0.611588418,0.980975151,0.715761317,0.344915241
46,0.746984242,0.992038727,0.988241851,0.968551731,0.969810963,0.975975708,0.981218994,0.984018385,0.591202974,0.992768526,0.984616995,0.833306452,0.937604189
47,0.044224809,0.00019241,0.001391497,7.34E-05,0.006066616,9.59E-05,0.000509074,0.00015944,0.001129334,0.000501931,0.000106608,0.05839942,5.78E-05
48,0.00104849,0.000141644,0.002005951,2.91E-10,0.001393545,2.27E-10,9.46E-05,0.000113072,0.000183203,0.000345234,0.000368828,0.010255349,8.57E-05
49,0.412492841,0.047514435,0.985446453,0.030128165,0.669375598,0.042077778,0.941716194,0.282341182,0.416574776,0.953884602,0.93794471,0.697490645,0.408320367
50,0.758850916,0.995295107,0.982966781,0.967249991,0.986898422,0.974480611,0.96699965,0.99471432,0.740103066,0.992544293,0.966960788,0.813147939,0.71073091
51,0.798088415,0.925008297,0.72055018,0.948708793,0.95937705,0.939133256,0.994610548,0.997880578,0.968608499,0.987038374,0.990328372,0.921808981,0.981117427
52,0.000893308,1.37E-05,0.000991366,7.18E-10,0.00105766,5.84E-10,1.51E-05,3.43E-05,1.01E-05,0.000188956,3.92E-06,0.0042884,2.46E-05
53,0.0007528,2.24E-05,0.000600683,1.30E-10,0.00077362,8.16E-11,4.48E-06,8.27E-05,4.20E-05,0.000206338,4.46E-06,0.011966881,7.43E-05
54,0.780955119,0.915858865,0.869277537,0.94851816,0.855906844,0.935559863,0.878221631,0.993085742,0.972138584,0.980200529,0.991571307,0.921659774,0.940910041
55,0.98513287,0.999815047,0.911290526,0.998438376,0.77786094,0.998919726,0.978552818,0.880282879,0.995589495,0.991593719,0.766501248,0.99713262,0.998939216
56,0.196601549,0.829857826,0.613250554,1.34E-05,0.052874941,1.69E-05,0.648978889,0.017746795,0.956108153,0.81186986,0.004303924,0.910141011,0.122998789
57,1.07E-05,5.16E-05,0.000408348,1.32E-14,0.002456411,7.45E-15,0.000243351,2.44E-05,0.000146894,0.000290226,0.000346507,0.003759455,4.09E-05
58,1.88E-05,3.24E-05,0.000223437,3.45E-14,0.000167054,2.58E-14,1.13E-05,7.79E-05,0.000148154,0.000286334,8.04E-06,0.00152329,2.64E-05
59,1.37E-05,4.67E-05,4.06292E-05,1.07E-14,8.43E-05,7.21E-15,1.69E-05,2.28E-05,0.000139186,0.000189025,7.08E-06,0.000815916,2.31E-05
60,1.30E-05,4.54E-05,5.68879E-05,1.12E-14,6.91E-05,6.16E-15,1.46E-05,2.10E-05,0.000142769,0.000188956,8.10E-06,0.000868215,3.20E-05
61,0.000109374,4.65E-05,9.92345E-05,1.12E-12,0.000131391,1.65E-12,2.27E-05,5.31E-05,0.000124007,0.000188956,1.16E-05,0.004333275,2.90E-05
62,0.988248966,0.999786675,0.781147897,0.998572013,0.627372384,0.998812993,0.9800964,0.90156734,0.990774453,0.981620848,0.933737993,0.997425256,0.997433007
63,0.990167628,0.999885917,0.920858979,0.998977093,0.795237243,0.999195521,0.993893147,0.976612389,0.994590878,0.982740402,0.468950242,0.997343438,0.999571621
64,3.66E-05,4.55E-05,9.63563E-05,5.09E-14,5.79E-05,1.30E-14,6.77E-06,8.02E-05,9.26E-05,0.000188956,5.99E-06,0.001026836,0.000157341
65,3.63E-05,4.26E-05,0.000141087,2.62E-14,2.97E-05,1.85E-14,2.27E-05,4.22E-05,0.000143202,0.000188956,7.08E-06,0.001343576,8.40E-05
66,5.17E-05,0.000104021,5.56582E-05,9.44E-15,4.82E-05,6.97E-15,1.24E-05,5.38E-05,0.000133451,0.000188963,1.07E-05,0.00116364,2.76E-05
67,0.988035083,0.999409795,0.970155895,0.997850232,0.366899341,0.998400753,0.694850683,0.925862908,0.991910994,0.981235385,0.917989075,0.99718775,0.996019185
68,0.99595757,0.998521507,0.994490624,0.999235067,0.981780887,0.999358396,0.953469038,0.998782575,0.986860931,0.979658127,0.999790728,0.999536008,0.994634151
69,1.49E-06,0.000363719,0.000664485,2.65E-16,0.013332128,1.25E-16,0.000163662,0.000138434,4.77E-05,0.000367433,7.31E-05,0.004976176,0.000203836
70,1.50E-06,0.000249162,0.000125726,1.65E-16,0.000966226,1.02E-16,0.000500724,0.000469947,3.42E-05,0.000367716,6.47E-05,0.003247166,5.44E-05
71,0.010478435,9.05E-05,0.000957398,7.20E-05,0.001234358,7.30E-05,5.13E-05,0.000244467,9.96E-05,0.000189034,2.10E-05,0.010017822,4.55E-05
72,0.997930424,0.999507427,0.995268405,0.999810642,0.993831754,0.999848391,0.83410275,0.999617815,0.866427243,0.987294495,0.998520672,0.999739871,0.995475233
73,0.511273569,0.570239067,0.801856041,5.92E-07,0.577365279,1.14E-06,0.762718201,0.993735373,0.221705616,0.317730963,0.953168809,0.984141799,0.973017871
74,0.034562208,0.756682217,0.807033181,0.001533629,0.78237468,0.001640293,0.823824763,0.025438925,0.901173532,0.11797905,0.91765064,0.969396253,0.193022236
75,0.036760768,0.001928348,0.002272483,0.02481542,0.356780857,0.05562849,0.001896851,0.001461804,0.00895962,0.000211488,2.45E-05,0.096465242,0.000590728
76,0.004195261,0.009945626,0.019172667,5.07E-11,0.091513477,2.90E-11,0.308974952,0.159557402,0.840721965,0.025273522,0.087842636,0.856334945,0.17115511
77,0.995964435,0.997365177,0.989123285,0.999685634,0.991673529,0.999711148,0.895909369,0.999826491,0.989493608,0.987228513,0.998566926,0.999700999,0.995473444
78,0.965714097,0.987259328,0.9784953,0.997742785,0.874891818,0.998070231,0.968358755,0.955193639,0.938160181,0.98360461,0.694003761,0.967244704,0.930362403
79,0.018962561,2.98E-05,0.000578571,4.55E-05,0.003490046,7.46E-05,0.001645264,0.000135277,3.49E-05,0.000367288,2.65E-05,0.008833428,3.53E-05
80,0.095003995,0.003222598,0.404995829,1.45E-05,0.042977218,1.92E-05,0.242604181,0.005956507,0.190530613,0.880107582,0.449288696,0.670753273,0.001922533
81,0.966447641,0.984474897,0.915989399,0.998128675,0.861288488,0.998299413,0.971297085,0.955831528,0.975279689,0.9915452,0.683154821,0.977491793,0.855653584
82,0.192415958,0.011357686,0.031413432,0.000519803,0.004251039,0.000645223,0.026265731,0.000386681,0.013214151,0.002016436,0.001799393,0.299471028,6.48E-05
83,3.98E-05,4.96E-05,0.000277508,2.37E-15,0.001347034,2.14E-15,9.14E-05,0.000256406,5.08E-06,0.000272431,9.16E-06,0.006836718,8.74E-05
84,0.000990347,9.69E-05,0.000551348,1.82E-10,0.007437766,3.11E-10,0.00075365,7.01E-05,0.000267507,0.000429027,1.28E-05,0.012384332,8.10E-05
85,0.969002303,0.989192784,0.974727571,0.997933532,0.815468907,0.998120697,0.961219609,0.982950747,0.958458841,0.983563662,0.732048929,0.959922178,0.845614016
86,0.9739708,0.989325762,0.800464213,0.999219069,0.871731341,0.999542473,0.938609958,0.833825052,0.953764617,0.983603477,0.736115932,0.957742402,0.400808781
87,0.003831519,5.82E-05,0.000134523,1.85E-08,0.000507323,2.71E-08,1.72E-05,0.000117765,3.49E-06,0.000275342,4.57E-06,0.001938242,3.94E-05
88,0.973923717,0.988564909,0.865617216,0.998686977,0.849862337,0.999185303,0.94586134,0.980189502,0.93099916,0.983333766,0.892897844,0.948738375,0.425764024
89,0.955436969,0.946868598,0.925992727,0.998947939,0.631148279,0.999147979,0.870670021,0.965274632,0.89077127,0.962672949,0.955652118,0.980279787,0.960842192
90,0.000120565,0.000109862,4.40064E-05,9.82E-12,0.000323334,9.71E-12,6.84E-05,2.69E-05,7.07E-05,0.00032523,3.47E-05,0.000654797,1.84E-05
91,0.000142896,4.93E-05,9.91106E-05,1.30E-11,0.000304592,1.12E-11,8.35E-05,4.78E-05,7.07E-05,0.00032681,3.86E-05,0.000764734,2.28E-05
92,0.000141132,8.60E-05,6.82518E-05,1.28E-11,0.000303421,1.40E-11,7.23E-05,2.65E-05,7.08E-05,0.000329755,3.91E-05,0.000672792,1.83E-05
93,0.000105003,7.98E-05,4.11873E-05,7.68E-12,0.000305293,8.87E-12,5.88E-05,2.63E-05,7.07E-05,0.000214674,2.72E-05,0.000606194,1.84E-05
94,0.001009374,0.00139282,0.002750811,7.33E-10,0.002025671,8.48E-10,0.003282799,9.46E-05,0.002499975,0.001909104,0.002076467,0.035665831,0.001168239
95,0.93183932,0.981103659,0.409380198,0.999288708,0.267624497,0.999502505,0.663687646,0.899847806,0.90930748,0.962672055,0.390593678,0.952680446,0.944029033
96,0.554377813,0.998931229,0.398695231,0.930327766,0.847987711,0.917731136,0.977230251,0.993840814,0.832112432,0.954219341,0.992980182,0.736685924,0.970633507
97,0.16244075,0.046963885,0.021662859,0.059057342,0.102436662,0.045875206,0.728244007,0.6047979,0.020383636,0.000966447,0.710196137,0.314072298,0.010768902
98,0.158692248,0.028917262,0.043522559,0.058650657,0.074715108,0.047565391,0.634616554,0.496204257,0.004979807,0.002077394,0.669189453,0.310300412,0.014428793
99,0.244530572,0.006006445,0.303418249,0.292873279,0.079581909,0.270470596,0.589428723,0.342780858,0.017155061,0.037209008,0.139563069,0.423938533,0.343052596
100,0.505900079,0.997224331,0.380669147,0.906656671,0.86869359,0.896712527,0.983214259,0.988672316,0.809813023,0.962685645,0.997282743,0.722889287,0.919531286
101,0.619917567,0.967696726,0.53469485,0.945164926,0.92689997,0.957385229,0.840812325,0.991964936,0.989658415,0.980375469,0.53294152,0.8945777,0.977713048
102,0.152367724,0.550921917,0.031468738,0.001134659,0.764726818,0.002057638,0.542268097,0.951614976,0.870187342,0.846807241,0.182999209,0.650952165,0.74542284
103,0.090460013,0.005611526,0.016413514,0.004950378,0.239573702,0.005399879,0.018508842,0.827780366,0.369884074,0.001154075,0.00086503,0.321215943,0.104724675
104,0.009516438,0.002099961,0.002557321,8.54E-05,0.115725577,9.04E-05,0.000658637,0.850524783,0.384074837,0.010365691,0.000225489,0.232550956,0.181143835
105,0.582626172,0.955063164,0.582496584,0.940183217,0.858093858,0.955117508,0.892236829,0.974396884,0.993118882,0.967275441,0.605448782,0.898592002,0.962028325
106,0.998703374,0.992492497,0.991167784,0.999995093,0.862340271,0.99999853,0.89314729,0.999596775,0.990188301,0.981235266,0.999695778,0.999898666,0.996970296
107,0.000184071,5.37E-05,0.033445843,1.83E-13,0.001052818,5.97E-13,0.02375547,0.000467841,0.004218744,0.000779548,0.000519419,0.060537908,0.002757373
108,0.135429716,0.627913892,0.833404601,5.86E-07,0.060216311,3.99E-06,0.968064249,0.21386002,0.134206936,0.891073048,0.801151574,0.994037755,0.737779677
109,0.921040701,0.997735977,0.984553576,0.991045685,0.9237656,0.987625963,0.993546188,0.999158263,0.994240522,0.993504226,0.998205185,0.99974937,0.999273598
110,0.958398012,0.998999417,0.974417269,0.999116135,0.866846442,0.999534825,0.968171179,0.675228477,0.99442637,0.859975815,0.999678135,0.998589413,0.895937979
111,0.001142135,6.06E-05,0.000807085,5.70E-09,0.002928664,7.87E-09,0.007729,0.000984538,0.009120013,0.000188956,0.003176466,0.042527651,0.00013996
112,0.891462255,0.992175758,0.952110887,0.99393994,0.394425392,0.996670544,0.966984034,0.439539105,0.978776872,0.858971179,0.999071002,0.99639002,0.498817384
113,0.98739077,0.999301791,0.989607036,0.999451621,0.926185548,0.999698262,0.693090558,0.999678016,0.98491168,0.974274755,0.999715507,0.996276796,0.979417503
114,0.009222352,0.020594321,0.029212546,1.64E-08,0.003753671,2.84E-08,0.076004744,6.45E-05,0.282576501,0.007393846,0.016950481,0.273167697,0.016373608
115,0.001185416,4.17E-05,0.000122435,5.63E-10,0.000237736,5.91E-10,0.000191169,0.000265733,0.000195686,0.000189872,0.000157335,0.010476349,2.69E-05
116,0.013165719,0.000360111,0.003008089,4.35E-08,0.004255359,1.54E-07,0.033340134,0.000234226,0.005743887,0.000410078,0.003891444,0.115313272,0.000822183
117,0.949734466,0.996690154,0.607794583,0.99899693,0.364332259,0.999336651,0.872392714,0.309211552,0.947598457,0.700644314,0.979319751,0.992206076,0.718336225
118,0.989665242,0.990409136,0.946138442,0.999870306,0.943554699,0.999959208,0.96722424,0.979523063,0.987112105,0.980820537,0.996866405,0.982438288,0.494066685
119,3.14E-06,0.000157179,0.000148513,2.64E-18,0.000405948,2.13E-18,2.04E-05,0.000162517,4.07E-05,0.00027243,9.80E-06,0.000808808,5.21E-05
120,0.013724642,0.004280031,0.070873834,5.78E-08,0.002824306,1.56E-07,0.012850929,0.001204017,0.004656612,0.004182095,0.000522469,0.168267651,0.000167263
121,0.989977438,0.987356782,0.989084542,0.999844855,0.925908625,0.999956979,0.958158076,0.994257033,0.919293642,0.984819651,0.97200799,0.987908815,0.733086646
122,0.999458008,0.999226928,0.998745561,0.99999976,0.94047159,0.999999941,0.996298969,0.983162284,0.984486401,0.992780149,0.998993099,0.999455644,0.994956076
123,0.014935826,0.000239415,0.024970705,5.76E-07,0.016829364,5.67E-07,0.015092703,0.00031623,0.004113832,0.001344561,0.003393431,0.090123862,0.000412468
124,0.012510807,0.001364869,0.65584296,4.98E-08,0.035798803,3.40E-08,0.008919591,0.000840752,0.003675211,0.757414818,0.017402045,0.290078508,0.001093897
125,0.01955808,0.000264946,0.071563363,1.08E-06,0.012398594,1.24E-06,0.002177851,0.000831511,0.001599812,0.001179464,0.001174186,0.108625447,0.000822218
126,0.068520986,0.002284864,0.196592957,5.57E-05,0.207066,5.15E-05,0.237733796,0.000922005,0.002605971,0.028266119,0.007766997,0.195230684,0.001307475
127,0.166631803,0.008016755,0.822825015,0.00020735,0.46024397,0.000236608,0.487332493,0.016952245,0.083354488,0.96339947,0.592015207,0.674220074,0.027831113
128,0.9993293,0.999226928,0.997438669,0.999999717,0.964840174,0.999999938,0.997538924,0.988183856,0.978548944,0.992780149,0.999645591,0.99921145,0.995132625
129,0.968612854,0.968972266,0.976338089,0.998791248,0.949380457,0.999482901,0.949349523,0.860748231,0.949349165,0.992776036,0.999332368,0.926824177,0.630954206
130,0.220532316,0.020660518,0.584715068,6.85E-05,0.391158909,0.00015564,0.182053059,0.001172494,0.102760978,0.003598535,0.214507923,0.356938069,0.004808886
131,0.03375916,0.000774157,0.045975365,2.70E-06,0.006367045,5.15E-06,0.000244489,0.000588237,0.031715862,0.000500468,0.00125037,0.081390248,0.000113941
132,0.967850633,0.953472495,0.99609071,0.998906013,0.868290663,0.999587666,0.963287055,0.978912175,0.847717404,0.992779315,0.99525553,0.970666548,0.340302169
133,0.833938006,0.867898583,0.882553101,0.998227089,0.348926932,0.998077823,0.666130483,0.971971869,0.920943499,0.96253103,0.900792241,0.884170376,0.991731822
134,0.032895038,0.009397779,0.020570982,0.00087335,0.036029302,0.000587691,0.064462312,0.002434575,0.000774063,0.000546097,0.002773064,0.045171989,0.014583483
135,0.027952623,0.005740285,0.01602087,0.000541948,0.038383972,0.000387684,0.055978373,0.005127955,0.000331355,0.000570319,0.002114306,0.044368253,0.014661795
136,0.030005783,0.06802544,0.025808273,0.001279114,0.036696173,0.000796128,0.003978536,0.000788379,0.000328917,0.002646463,0.002102593,0.054620144,0.003771188
137,0.749065007,0.876418471,0.462989777,0.995572136,0.35243082,0.995820392,0.646611571,0.779643059,0.571397722,0.819355726,0.168650389,0.780023311,0.702456236
138,0.916634401,0.99682188,0.99079144,0.999530003,0.958321095,0.999635809,0.971145451,0.997938693,0.987276375,0.976354361,0.999706924,0.971357082,0.938137531
139,4.34E-05,6.69E-05,0.000245152,1.22E-13,0.000907974,5.59E-14,0.000258266,0.000146714,2.15E-06,0.000243295,1.71E-05,0.000913808,1.74E-05
140,0.002467964,6.81E-05,0.000465323,2.83E-07,0.000935609,2.37E-07,0.006553145,0.000238556,3.71E-05,0.000979336,8.06E-05,0.006266548,0.000106087
141,0.002230025,7.61E-05,0.000172354,2.71E-07,0.001393748,2.26E-07,0.077338286,0.000232399,3.54E-05,0.000979332,4.93E-05,0.005548353,0.00013365
142,0.002248927,0.000379013,0.00014278,4.16E-07,0.00259391,3.52E-07,0.005574023,0.000218952,2.36E-05,0.000243304,7.32E-05,0.005414812,0.000208892
143,0.718010818,0.615691602,0.946371973,0.984607449,0.709013939,0.982820831,0.994057655,0.997110486,0.895521343,0.976293564,0.973235726,0.817186251,0.741428971
144,0.738622899,0.999359906,0.951200426,0.958650708,0.973765373,0.965406764,0.978505671,0.995925069,0.979189515,0.95757544,0.992430151,0.866059559,0.987212241
145,0.160599329,0.986193597,0.517388523,0.014147969,0.427449882,0.014546454,0.859133959,0.615110099,0.886540711,0.772340059,0.146473676,0.596262407,0.912528098
146,0.075996184,0.000411121,0.000416886,0.001778968,0.004628444,0.002232035,5.16E-05,0.002324655,0.002694492,0.001578702,0.001743529,0.160652396,0.003799183
147,0.07534551,0.000246048,0.000660866,0.001450643,0.002820265,0.001380515,7.46E-05,0.001451825,0.001411659,0.001056818,0.001044473,0.151982455,0.000645755
148,0.025157558,0.000202795,0.000284293,0.000149631,0.001123096,7.46E-05,3.43E-05,0.000529599,0.000370598,0.001659532,7.88E-05,0.058066848,0.000219357
149,0.006630455,0.000269638,0.00117921,1.52E-05,0.003040137,1.32E-05,0.001864603,0.000127755,0.001686352,0.000290377,0.000312397,0.029946861,6.18E-05
150,0.182602814,0.46053645,0.029309802,0.318328119,0.059197314,0.342123371,0.049562767,0.183187455,0.000350476,0.00172795,0.04368436,0.319074733,0.005668269
151,0.738404635,0.998563111,0.980548024,0.972858546,0.956505179,0.975062983,0.947935998,0.991167903,0.997796297,0.989445031,0.998460174,0.866872322,0.981348038
152,0.417775099,0.951370358,0.067377783,0.596499698,0.786299884,0.630032407,0.053461827,0.904830337,0.871505916,0.95970732,0.72847569,0.920117617,0.321798205
153,9.85E-06,2.44E-05,4.61988E-05,1.75E-14,0.000139854,1.33E-14,7.46E-05,0.000146555,0.00084047,0.000188978,7.84E-06,0.002621053,5.60E-05
154,0.467294736,0.904446542,0.088961385,0.75795939,0.862286389,0.851066612,0.074207731,0.962502539,0.898248374,0.979384542,0.627481222,0.91185733,0.204631984
155,0.988968888,0.996662259,0.991425872,0.999852296,0.927368581,0.99987912,0.993429363,0.997924566,0.992076516,0.994223416,0.999454319,0.999606651,0.999041736
156,1.91E-05,3.06E-05,0.001392193,2.37E-14,0.001184959,1.12E-14,0.000429539,5.54E-05,0.000148646,0.000189373,7.09E-05,0.008792042,8.67E-05
157,0.001335541,5.20E-05,0.010602434,1.96E-09,0.001256157,1.05E-09,0.001296966,0.000338372,0.002615534,0.000697073,0.00017399,0.040612128,0.000638358
158,0.268532509,0.046858072,0.046398573,0.379179843,0.206371412,0.271484688,0.004012899,0.056955356,0.127317533,0.88756305,0.486323744,0.822733698,0.075104855
159,2.19E-05,0.000118161,0.00341178,8.88E-15,0.007425976,4.63E-15,0.003573399,0.000831714,0.053935453,0.036306269,0.001174782,0.03725697,0.005258454
160,0.990556241,0.993962944,0.995717228,0.999846197,0.780385196,0.99991372,0.993422091,0.992915392,0.99066925,0.992940307,0.999502182,0.999718691,0.999498129
161,0.991927505,0.999068201,0.993284941,0.99957218,0.989385724,0.999762387,0.98972857,0.999286354,0.995393038,0.987435937,0.99950254,0.996966061,0.997005165
162,8.51E-05,4.60E-05,0.002923006,5.32E-13,0.001296974,3.62E-13,0.000326266,5.87E-05,0.000168993,0.000367715,2.79E-05,0.011431621,0.000185086
163,0.00010339,1.50E-05,0.001100122,7.33E-13,6.59E-05,5.48E-13,0.000170361,1.71E-05,0.000141572,0.000367716,9.66E-06,0.003347374,4.66E-05
164,0.008871455,0.001059166,0.019208506,1.12E-07,0.003435932,2.00E-07,0.009052894,4.61E-05,0.0021152,0.002870999,5.47E-05,0.046448866,0.003924175
165,0.994101264,0.998203397,0.993290663,0.999905521,0.955826104,0.999954965,0.992006004,0.998954773,0.998111367,0.989976346,0.999122202,0.999686315,0.999396324
166,0.844841169,0.965684414,0.846814334,0.869114379,0.868405044,0.895665673,0.977563143,0.866770625,0.98064971,0.081485882,0.989283562,0.984121826,0.98851043
167,0.002531467,5.15E-05,0.001366014,9.91E-09,0.003107478,8.15E-09,0.046435442,0.000151977,0.000141465,0.000189088,0.000120899,0.0130626,0.000611052
168,0.000429885,5.06E-05,0.001030735,4.80E-10,0.004651762,3.06E-10,0.000174399,8.91E-05,0.000233794,0.000188956,4.92E-05,0.008539739,0.000761482
169,3.11E-06,0.000208732,0.000932835,5.11E-17,0.004769456,2.07E-17,0.01354398,0.000217199,0.001164265,0.000189006,4.88E-05,0.01260861,0.000663135
170,0.007399078,6.98E-05,0.00064644,2.42E-06,0.012732277,1.05E-06,0.112838268,0.000109889,0.02431415,0.000188956,0.000130846,0.034326263,0.000150787
171,0.797466573,0.928507566,0.796551287,0.8020927,0.805981457,0.859916963,0.977563679,0.870405793,0.986664534,0.700621247,0.955099702,0.982053258,0.796976328
172,0.984315059,0.99884063,0.93939954,0.999939073,0.688127697,0.999916219,0.991378069,0.997966409,0.983774424,0.267219454,0.995275259,0.998337683,0.940594554
173,0.000287138,0.000486131,0.006181286,1.94E-12,0.001300327,2.07E-12,0.00360653,0.000102794,0.000859997,0.019787956,0.001470713,0.044818454,0.00486151
174,0.209780148,0.007362675,0.020164691,0.022195657,0.008995179,0.032643835,0.003468546,0.000603279,0.037756745,0.001310141,0.000253165,0.091593413,0.000321165
175,0.983206485,0.998750806,0.968588591,0.999936209,0.589245021,0.999895439,0.981383264,0.998805761,0.986391068,0.698028803,0.995997906,0.997989365,0.925560772
176,0.912796896,0.971375704,0.959937632,0.993337533,0.720153451,0.994242769,0.986426353,0.998604476,0.980224788,0.983598709,0.992836177,0.967729378,0.999327898
177,0.128428644,0.003132033,0.002713458,0.000726883,0.001972411,0.000550394,0.006648289,0.005000842,0.001613515,0.057788264,0.000284783,0.186253764,0.066978753
178,0.916523651,0.978261411,0.982064545,0.991641691,0.755558252,0.993358377,0.981749296,0.983611166,0.404688179,0.983599424,0.971006453,0.96052169,0.999370992
179,0.982108025,0.993156493,0.994365931,0.999871229,0.890988886,0.999916857,0.994394064,0.998866796,0.98966074,0.992775559,0.999196708,0.989661473,0.999295235
180,0.131626215,0.024638703,0.05641574,0.000457925,0.078571983,0.000546647,0.004428329,0.125321731,0.066252261,0.236193299,0.001715458,0.381640111,0.001170832
181,0.078517888,0.004914559,0.048524767,9.18E-05,0.061081607,0.000102739,0.004044772,0.340530396,0.017553201,0.184496939,0.003976944,0.371733902,0.003046489
182,0.007348123,0.002257447,0.002333955,2.31E-07,0.052623328,1.93E-07,0.004052486,0.009678261,0.001191819,0.708767593,0.007784037,0.22414861,0.042813964
183,0.575104967,0.302869201,0.820587158,0.853523356,0.655079365,0.794886168,0.901911318,0.060149424,0.527384102,0.255157202,0.857849002,0.746311255,0.073099561
184,0.986294387,0.994854808,0.996551991,0.999935801,0.935554862,0.999960296,0.99470973,0.999086857,0.980434716,0.992779672,0.999681115,0.991937972,0.999345243
185,0.972225069,0.979584575,0.993166745,0.999708566,0.959118843,0.999828871,0.99603194,0.997893393,0.962209523,0.984891772,0.997517347,0.98472572,0.998780668
186,0.000586387,0.000187314,0.000270523,1.04E-10,0.028050793,1.02E-10,8.93E-05,0.000502145,0.002201928,0.000943527,2.81E-05,0.026408487,6.14E-05
187,0.971837287,0.97601366,0.985985518,0.999730799,0.925669968,0.999827477,0.996746421,0.997045815,0.946587563,0.983620286,0.996863008,0.983736653,0.998760939
188,0.899484923,0.995299697,0.955897212,0.998463332,0.716884196,0.99876117,0.98601377,0.992822468,0.957225561,0.962672949,0.996363342,0.978699356,0.999032021
189,0.007047102,0.000956549,0.005077772,1.30E-06,0.011114338,1.24E-06,0.00381804,0.000426975,0.000337409,0.000545638,0.001093963,0.069332064,0.000469932
190,0.000904212,0.004727492,0.007078013,5.10E-10,0.003192233,3.48E-10,4.15E-05,0.000390948,0.015233935,0.000546414,0.000172764,0.019873132,0.000289697
191,0.869068722,0.978743255,0.925825238,0.99715499,0.724487543,0.998257325,0.981163204,0.984503627,0.956286013,0.962672949,0.978497565,0.959038319,0.999031782
192,0.817900641,0.995885789,0.981506705,0.995738294,0.878123283,0.995867544,0.991537929,0.993779361,0.979885519,0.97634989,0.999207318,0.945435106,0.988163054
193,0.010432523,0.000197843,0.00112975,2.20E-05,0.002040578,2.26E-05,0.007361225,0.000267527,0.000314065,0.000243169,8.25E-05,0.03263271,0.000165357
194,0.535298037,0.540491164,0.770441294,0.950773839,0.531340241,0.95572235,0.915982187,0.979449868,0.838388622,0.964257121,0.893290102,0.791778038,0.107977435
195,0.814442038,0.997956991,0.994185627,0.995564619,0.968007743,0.995162356,0.992461741,0.996446073,0.985847652,0.97635448,0.999396801,0.950828347,0.95689702
196,0.004708287,0.00024269,0.000395887,1.60E-06,0.001245687,1.43E-06,0.004703725,9.52E-05,9.20E-05,0.000243295,3.91E-05,0.009762925,8.93E-05
197,0.03404739,0.000238683,0.003371654,0.00032088,0.004336529,0.000290562,0.007738815,0.000835092,0.000797826,0.001725086,0.000403413,0.046051981,0.000282744
198,0.636827429,0.340144038,0.663970888,0.974933709,0.516505063,0.977636438,0.933627129,0.980646133,0.898947716,0.974821508,0.907970726,0.827802873,0.272230476
199,0.958791322,0.974524558,0.975887954,0.999585761,0.967398584,0.999702271,0.996436119,0.998445809,0.968988597,0.990009844,0.996792972,0.977449611,0.997320473
200,0.003436393,8.98E-05,0.000161054,5.74E-08,0.001037891,5.37E-08,3.98E-05,0.000118102,0.000113535,0.000497474,9.83E-06,0.008274756,6.33E-05
201,0.048826195,6.68E-05,0.003360032,1.40E-05,0.007410523,4.35E-05,0.000634852,0.000194744,0.00026679,0.000768305,0.000290764,0.073082955,7.49E-05
202,0.110507646,9.04E-05,0.009072035,0.001110843,0.006494866,0.001756343,0.001654207,0.00030591,0.024409793,0.007331421,0.000169799,0.167878449,0.009523853
203,0.981743508,0.974637091,0.996372581,0.999864544,0.944111824,0.99983639,0.996578157,0.993195057,0.939870119,0.987603903,0.995354056,0.978469096,0.998191297
204,0.953970814,0.974435806,0.990129888,0.999557568,0.948045492,0.999698227,0.996908963,0.998133123,0.960993111,0.990575314,0.998114467,0.980611532,0.998005092
205,0.002704806,6.03E-05,0.000104473,3.41E-08,0.001604891,2.91E-08,4.96E-05,0.000109467,0.000101874,0.000497474,1.00E-05,0.006409877,6.55E-05
206,0.003245641,3.64E-05,0.001184665,3.25E-08,0.001118109,4.69E-08,0.000419649,7.42E-05,0.000140027,0.000509175,1.33E-05,0.007865243,3.69E-05
207,0.000209868,3.91E-05,0.000253625,3.90E-10,0.001506855,5.03E-10,9.26E-05,8.08E-05,0.000464691,0.000493709,6.03E-06,0.003959366,4.43E-05
208,0.955531235,0.983790219,0.961771309,0.999517499,0.928187191,0.999668817,0.996649802,0.987999976,0.880236387,0.983681798,0.986210406,0.977256832,0.982353926
209,0.684179822,0.998943985,0.888417423,0.943058581,0.551059663,0.954615253,0.967753589,0.969842017,0.966219008,0.992118835,0.95816201,0.795342248,0.974057555
210,0.451870302,0.928703487,0.10788504,0.62995182,0.698429585,0.728619217,0.789072096,0.757011712,0.668495655,0.731364906,0.56778872,0.548763074,0.052202251
211,0.219638014,0.177670538,0.002263744,0.032906866,0.023952702,0.054668435,0.013610576,0.008567083,0.048614219,0.036769804,0.000737754,0.253198062,0.00098427
212,0.64738365,0.999045074,0.720554173,0.924964298,0.866573036,0.935214402,0.957307518,0.988766491,0.967696071,0.955759108,0.979664803,0.779416476,0.938717544
213,0.781439978,0.98864603,0.108505063,0.957284812,0.959513366,0.961579002,0.337576598,0.987238705,0.982134581,0.989404202,0.928650558,0.950718755,0.890267313
214,0.08303579,0.390725434,0.009590384,0.0073236,0.09264911,0.007324483,0.006045977,0.291201532,0.221609324,0.065149583,0.003671569,0.290799077,0.162599638
215,0.08131973,0.181845456,0.018909426,0.008587016,0.075979546,0.006734811,0.002284016,0.72919929,0.207096502,0.027334716,0.002328413,0.334382006,0.434698045
216,0.063550943,0.324455708,0.010878316,0.003839058,0.058680318,0.003704658,0.000581662,0.731951892,0.199892506,0.018203454,0.002016286,0.294965715,0.142770201
217,0.005656867,4.52E-05,0.000144215,3.21E-06,0.000195328,2.49E-06,2.08E-06,8.30E-05,0.000177105,0.000367716,7.92E-06,0.007931832,0.000124478
218,0.006066983,0.000126004,0.001452738,2.99E-06,0.000270561,2.72E-06,4.07E-05,0.000238853,0.000202148,0.000367716,1.01E-05,0.021283581,0.000152696
219,0.71227517,0.983002007,0.352190971,0.932132154,0.969318926,0.934286789,0.037666753,0.975115538,0.993475854,0.987294495,0.961970747,0.946070066,0.806844234
220,0.991539949,0.985535264,0.979752541,0.999845441,0.742646098,0.999883702,0.752280593,0.997398257,0.975105703,0.983622611,0.990041971,0.988500231,0.969951689
221,0.005509371,0.000336191,0.00063991,5.14E-08,0.001741626,3.58E-08,6.18E-05,0.000190254,1.48E-05,0.000272458,1.09E-05,0.005995462,2.79E-05
222,0.006924176,8.71E-05,0.00050324,6.87E-08,0.001550944,5.42E-08,8.55E-05,0.000324021,1.91E-05,0.000276318,7.00E-05,0.009361258,7.45E-05
223,0.005756338,0.000128358,0.000327006,3.00E-08,0.002296846,2.59E-08,7.83E-05,0.000148337,1.45E-05,0.000272473,7.24E-06,0.005800698,2.42E-05
224,0.005810461,0.000159193,0.000414051,2.82E-08,0.002192143,2.48E-08,8.94E-05,0.000142647,9.33E-06,0.000272457,6.91E-06,0.005684017,2.85E-05
225,0.005378792,9.01E-05,0.000214721,2.00E-08,0.002056943,1.81E-08,6.30E-05,0.000132054,1.79E-05,0.000300631,7.13E-06,0.005534942,2.77E-05
226,0.005576148,0.000109548,0.000806691,1.84E-08,0.001728144,1.63E-08,0.000104224,0.000142148,7.68E-06,0.000272571,6.66E-06,0.006128163,2.85E-05
227,0.004179312,0.000155928,0.000429262,1.57E-08,0.002379168,1.33E-08,9.85E-05,0.000124048,1.65E-05,0.000272483,3.93E-06,0.005209409,2.30E-05
228,0.989699902,0.985580266,0.990824878,0.999765392,0.783520162,0.999800001,0.768766224,0.996811569,0.96973139,0.9836061,0.985245168,0.987702101,0.990287781
229,0.972524115,0.98167038,0.943076909,0.999733834,0.51954788,0.999660032,0.957400024,0.984270513,0.956330538,0.962672949,0.990082681,0.972240834,0.997402191
230,0.005142492,6.49E-05,0.001611202,4.10E-07,0.004019658,3.30E-07,0.000162493,0.000146805,7.08E-05,0.000329805,3.21E-05,0.005273366,0.000233857
231,0.011266245,0.005719762,0.065134965,8.87E-07,0.038189992,6.39E-07,0.008720637,0.000559916,0.002739549,0.008383568,0.001461403,0.066911245,0.067238145
232,0.949235241,0.980243146,0.869623661,0.999185695,0.186239943,0.999043438,0.933852851,0.984347224,0.939991176,0.962672651,0.975172818,0.950297428,0.99594903
233,0.958357412,0.981240928,0.978182674,0.999003747,0.582476318,0.998881961,0.991326153,0.992905378,0.962446332,0.962672949,0.994329035,0.97302778,0.978636265
234,0.001950833,8.16E-05,0.002295007,1.91E-08,0.003867489,1.65E-08,0.000104142,0.000218572,0.000116323,0.000329882,7.17E-05,0.007998622,0.000216621
235,0.000679889,4.95E-05,0.00023314,2.00E-09,0.000813039,1.25E-09,5.37E-05,3.73E-05,6.40E-05,0.000329804,3.04E-05,0.001270945,1.34E-05
236,0.000343594,0.000106984,0.000959605,4.17E-11,0.003307422,1.93E-11,6.52E-05,3.67E-05,0.000733325,0.000329804,5.17E-05,0.004223852,2.61E-05
237,0.875987056,0.937009037,0.975208759,0.993058925,0.264107227,0.993504793,0.865460634,0.924580932,0.964827836,0.962672949,0.966888964,0.937442557,0.986551762
238,0.844322126,0.997533917,0.995180726,0.995045642,0.921210468,0.992826664,0.750741184,0.996759236,0.929893494,0.976331711,0.999862194,0.960000905,0.876917422
239,5.41E-06,3.29E-05,0.000242479,6.77E-17,0.000214336,2.85E-17,1.04E-05,3.15E-05,4.31E-06,0.000243295,1.02E-05,0.000217554,1.72E-05
240,0.002122453,4.61E-05,0.000379734,1.01E-07,0.000365325,7.97E-08,0.000248431,0.000259827,2.46E-05,0.000243295,1.80E-05,0.003437036,0.000113187
241,0.620003,0.940603733,0.936087549,0.959925801,0.692433,0.957631398,0.804177105,0.97090137,0.769008398,0.9553532,0.966411769,0.838929483,0.263747633
242,0.847809931,0.957046032,0.994223654,0.995459524,0.93912226,0.993989044,0.942932785,0.997288108,0.981296599,0.955529332,0.999675035,0.954709065,0.957985878
243,0.006468587,0.000145994,0.001022401,1.32E-06,0.000958069,1.29E-06,0.000888706,0.00028794,1.84E-05,0.000243295,1.15E-05,0.001979638,4.32E-05
244,0.626468275,0.611431718,0.953070283,0.95964489,0.83721292,0.956956755,0.871422172,0.947203755,0.680792868,0.946152091,0.983276963,0.841644356,0.164687723
245,0.810445189,0.999058664,0.994691074,0.992796652,0.967644155,0.991376332,0.980498612,0.998416066,0.978459597,0.976574957,0.999516964,0.952729407,0.989803195
246,0.002360201,0.00012102,0.000174637,9.32E-08,0.001103434,9.59E-08,8.60E-05,0.000107513,2.96E-05,0.000243295,1.07E-05,0.004614079,4.77E-05
247,0.014372662,2.05E-05,0.000353544,2.14E-05,0.008856826,2.74E-05,0.000309102,0.000205863,6.99E-05,0.000319884,4.26E-05,0.009555131,7.37E-05
248,6.47E-05,2.05E-05,9.13997E-05,4.72E-12,0.000284968,3.56E-12,4.89E-05,0.000216069,1.05E-05,0.000243295,1.86E-06,0.000442261,4.21E-05
249,0.579751356,0.701384068,0.945727766,0.936761977,0.921079278,0.941392756,0.927621961,0.971070051,0.650729895,0.976307094,0.98764658,0.855798628,0.538414896
250,0.696953271,0.660845816,0.962516308,0.967265124,0.831159294,0.96581643,0.982712388,0.99338758,0.70332098,0.726756692,0.806931257,0.787771221,0.991678119
251,0.16033493,0.001670148,0.010653561,0.022259299,0.144470587,0.021431773,0.000692076,0.001077299,0.002724482,0.001087421,0.017416051,0.208102053,0.000382294
252,0.143944844,0.001556325,0.012174259,0.019540455,0.24347277,0.019907305,0.00067498,0.001446811,0.001999412,0.001084811,0.020780271,0.205896,0.000300922
253,0.09756563,0.000169819,0.00318126,0.006345456,0.134594485,0.006858792,0.000698879,0.000404751,0.001214743,0.000768697,0.01025662,0.151540573,0.000284128
254,0.295580051,0.001630769,0.051831264,0.140672261,0.025026189,0.147693604,0.003352395,0.001651194,0.003186686,0.001344241,0.003358657,0.164516448,0.000187559
255,0.653324178,0.764254034,0.973409474,0.952759108,0.953007579,0.955289651,0.936766922,0.99418205,0.57333535,0.666506231,0.822549582,0.77629805,0.990856767
256,0.947293116,0.989584863,0.939330161,0.996927833,0.995558739,0.99749601,0.928755105,0.997895718,0.991007984,0.987388313,0.999292016,0.977638881,0.991725683
257,0.122592245,0.032697074,0.015069831,0.000969367,0.325837731,0.00085477,0.00219182,0.009090864,0.136660725,0.010352434,0.408266187,0.411719993,0.053951189
258,0.129520251,0.045063965,0.005942148,0.000897693,0.333370805,0.000870177,0.000509394,0.003510965,0.007675853,0.010607737,0.214487851,0.393495695,0.031906344
259,0.0073903,0.000267386,0.000105242,1.67E-07,0.012204901,1.68E-07,1.84E-05,0.000101853,0.000717143,0.000654464,2.03E-05,0.050757556,0.000588214
260,0.000227745,0.000180814,4.15969E-05,4.63E-11,0.001928178,6.85E-11,5.18E-06,0.000127648,3.91E-05,0.000368397,4.71E-06,0.005577963,4.94E-05
261,0.024192716,0.003189756,0.02654082,1.88E-06,0.432018548,2.14E-06,0.00403152,0.00108983,0.000815637,0.000366339,0.000506923,0.310395476,0.002703145
262,0.958544087,0.994896114,0.900204063,0.995859985,0.995571196,0.995795825,0.972006083,0.998814225,0.997303367,0.987476945,0.999338329,0.975735853,0.980152667
263,0.858374987,0.959764957,0.50023514,0.993899233,0.928544343,0.996774112,0.983236611,0.961588323,0.995683074,0.876322329,0.911366761,0.971506094,0.924271762
264,0.002627387,6.55E-05,0.000474473,1.13E-05,0.001460187,1.21E-05,0.001030626,8.63E-05,0.000363234,0.000188956,1.07E-05,0.017181,0.000244093
265,0.000826587,6.25E-05,0.001814463,2.57E-08,0.00044864,2.15E-08,2.49E-05,5.39E-05,0.000167843,0.000189765,1.08E-05,0.007500453,7.03E-05
266,0.003313721,0.00043622,0.000542867,6.04E-08,0.016857309,5.79E-08,0.000111696,0.000714451,8.35E-05,0.000188956,3.88E-05,0.05824316,0.000134107
267,0.862934889,0.973435879,0.060022347,0.988324702,0.958342016,0.992720856,0.924049258,0.993192136,0.982872903,0.929440558,0.954212606,0.976707719,0.876696587
268,0.88540703,0.989420056,0.067943759,0.997102339,0.983844578,0.998262285,0.812987864,0.999118745,0.998840392,0.950134039,0.982155204,0.992119882,0.932648301
269,0.004551428,2.30E-05,0.000909046,1.25E-06,0.001899384,1.16E-06,0.000279116,3.27E-05,0.005401692,0.000188956,9.42E-05,0.020246679,0.000317319
270,0.00261897,4.18E-05,0.000975634,1.40E-06,0.001940807,1.55E-06,0.000177466,3.05E-05,0.0031802,0.000188956,1.19E-05,0.017639682,0.000137812
271,0.001463478,2.98E-05,0.001682996,6.75E-09,0.000318959,6.33E-09,9.41E-05,2.56E-05,0.000570809,0.000188956,2.18E-05,0.0162508,0.000321791
272,0.917640029,0.987202227,0.111701518,0.99719636,0.947657466,0.997692044,0.818294048,0.997010708,0.990789473,0.942792118,0.9862867,0.993102895,0.934873343
273,0.991531848,0.993801415,0.992996275,0.999459829,0.95744735,0.999638523,0.982039392,0.998858213,0.992170274,0.981058896,0.998634756,0.999602524,0.997627676
274,0.062546454,0.876755297,0.022306498,5.90E-05,0.411916912,4.06E-05,0.967379689,0.913022995,0.977986872,0.216368571,0.603105843,0.727489265,0.672622859
275,0.001392378,0.344452113,0.729628444,1.19E-07,0.587413251,9.51E-08,0.990286171,0.812760234,0.951293528,0.909038961,0.997347832,0.946137618,0.833935022
276,1.65E-05,0.001622527,0.071601309,1.09E-13,0.021343833,9.23E-14,0.030278498,0.00016791,0.000734039,0.00078175,0.000668352,0.168993079,0.000695661
277,0.152181146,0.014945443,0.035015363,0.016872296,0.008172141,0.020674064,0.804929316,0.000296853,0.003471014,0.009208944,0.008321706,0.559631879,0.000932637
278,0.993136068,0.997728765,0.992342532,0.999827932,0.981867909,0.999896846,0.993422449,0.997815609,0.993469119,0.909014225,0.999695778,0.999761393,0.997487545
279,0.991698868,0.996500969,0.888974428,0.999949006,0.94183892,0.999968384,0.987884343,0.997722328,0.987832248,0.945108175,0.997334361,0.999425895,0.939536452
280,0.000201107,0.000219408,0.007718877,1.01E-11,0.039830379,1.75E-11,0.012036994,0.000461518,0.062204454,0.000367712,8.73E-05,0.060665708,0.000383853
281,0.991369,0.989896297,0.810979486,0.999977391,0.892776012,0.999978567,0.973513961,0.996897459,0.994202077,0.945103586,0.997013927,0.999435407,0.939159334
282,0.994678767,0.985966384,0.975323021,0.999942271,0.973348022,0.999972833,0.975353539,0.997566104,0.987821281,0.984533787,0.99849987,0.995948503,0.970057905
283,0.137598225,0.00043756,0.000665328,6.04E-05,0.001350743,8.94E-05,0.000210805,0.000325788,1.44E-05,0.000276009,3.08E-05,0.024892312,0.000107841
284,0.993561434,0.984332561,0.947897255,0.999886478,0.968906224,0.999926184,0.982049167,0.997902989,0.987906098,0.983600318,0.996107757,0.994609108,0.932764232
285,0.944358418,0.981603205,0.940064371,0.999250762,0.835909784,0.999368343,0.98540467,0.991970241,0.957222402,0.962672949,0.990249813,0.955797607,0.997597635
286,0.014934104,0.001222568,0.002273589,9.91E-06,0.028791701,8.05E-06,0.000744509,0.000395255,0.002361965,0.000544859,0.000225237,0.066382816,0.011441426
287,0.015928065,0.001796925,0.004457215,1.13E-05,0.014598909,1.06E-05,0.004918467,0.00052623,0.002565586,0.000542685,0.000121276,0.065401809,0.003834507
288,0.001514906,0.000117232,0.000360425,8.47E-09,0.009323516,6.94E-09,3.43E-05,0.000210175,0.000110464,0.000321063,0.00012002,0.005828794,9.02E-05
289,0.881693225,0.983634233,0.955105245,0.9946638,0.809272528,0.995274424,0.98471874,0.991424799,0.957221448,0.962672949,0.983026087,0.922386944,0.999028444
290,0.623772233,0.992816091,0.988233924,0.956014119,0.857600331,0.955464463,0.978210151,0.997280717,0.977378488,0.977672756,0.998863697,0.932919016,0.989790022
291,0.349720332,0.606674075,0.810601294,0.711953473,0.735848367,0.720752998,0.905114472,0.792473495,0.643693268,0.955488265,0.924158931,0.763124517,0.169318095
292,0.638023923,0.992667615,0.993307948,0.956511262,0.865706444,0.955791678,0.986733258,0.997312546,0.974772871,0.976353526,0.998926938,0.934538751,0.968997002
293,0.003454522,0.000232111,0.000344704,8.55E-07,0.001530857,8.19E-07,0.002551966,9.07E-05,2.12E-05,0.000243295,1.97E-05,0.012335373,9.31E-05
294,0.002457232,0.000154346,0.000231362,5.21E-07,0.003253908,5.29E-07,0.000656135,0.000169065,1.03E-05,0.000243287,4.32E-05,0.008875085,6.62E-05
295,0.003047327,0.000150653,0.000316756,7.70E-07,0.004044699,6.84E-07,0.00090834,0.000263097,2.54E-05,0.000243292,3.66E-05,0.009428066,6.57E-05
296,2.16E-05,2.58E-05,3.80811E-05,1.18E-14,0.000326865,5.66E-15,8.75E-06,3.28E-05,3.69E-06,0.000295324,7.88E-06,0.000133769,2.28E-05
297,0.002347867,0.001157167,0.021453282,1.34E-06,0.004917727,1.47E-06,0.006180794,0.000224735,7.99E-05,0.000979236,0.00113727,0.028227229,0.000471584
298,0.367256569,0.593671918,0.87201488,0.749934323,0.683433056,0.780546159,0.908652067,0.938493729,0.658897877,0.974856019,0.913585842,0.769911395,0.12491671
299,0.83433132,0.878639638,0.580735445,0.997596157,0.632580757,0.997209604,0.863740385,0.971973896,0.913230658,0.96267283,0.37672466,0.842800387,0.991654515
300,0.022857321,0.001172426,0.00372713,0.000123247,0.020814061,0.000110281,0.000294402,0.001384432,0.000783125,0.000547258,0.002123966,0.027981949,0.003720038
301,0.468861577,0.938815653,0.516839147,0.763989024,0.083712712,0.656098796,0.870893836,0.948900223,0.70428884,0.96205467,0.224160954,0.710809462,0.984373927
302,0.858344968,0.956784904,0.648238599,0.99763148,0.407096237,0.998088796,0.903795123,0.971802294,0.901239097,0.962672949,0.711297452,0.843019478,0.996841311
303,0.89190777,0.443133712,0.867846549,0.996194083,0.986820877,0.996986446,0.542670131,0.972295165,0.909734666,0.992767334,0.994576931,0.955099148,0.950049698
304,0.063248803,0.000584829,0.139130488,0.000226638,0.779808283,0.000238187,0.001538283,0.003180379,0.005130121,0.00094905,0.030633528,0.303068517,0.005388119
305,0.034063219,0.000237219,0.001894663,7.24E-05,0.00526597,9.54E-05,0.000756047,0.001336256,3.02E-06,0.000947791,0.000150227,0.084473404,0.000169473
306,0.037105207,0.000212572,0.002184239,9.87E-05,0.004978208,0.000128488,0.000641844,0.002660471,2.46E-06,0.000960888,0.000115451,0.085089802,0.000124803
307,0.031812478,0.000218235,0.001808542,6.99E-05,0.003496565,0.000100308,0.00095105,0.002742632,2.38E-06,0.00098714,6.42E-05,0.084855042,0.000155053
308,0.161532837,0.000546924,0.001773955,0.067815158,0.042788286,0.119807633,0.003278062,0.001861586,1.61E-05,0.000943417,0.001132756,0.201352312,0.000238673
309,0.893756324,0.46642071,0.855027854,0.99581047,0.991026223,0.996815342,0.779224694,0.928287864,0.956181407,0.990997195,0.988743067,0.948605215,0.932686627
310,0.563303261,0.996510327,0.711279094,0.974580468,0.795049846,0.970964112,0.978840113,0.95053035,0.432240546,0.106275126,0.864721358,0.751946957,0.962569118
311,0.212865814,0.048051544,0.209540397,0.058703123,0.405842274,0.063514206,0.278764307,0.017572766,0.040742524,0.001226809,0.159053743,0.377962525,0.020701317
312,0.204786605,0.018146394,0.055930276,0.05221011,0.089068227,0.062010844,0.037791423,0.015183087,0.07756938,0.001855503,0.016258758,0.365243125,0.004161483
313,0.159088494,0.001557294,0.065431774,0.044269592,0.122626327,0.058725566,0.007862574,0.000767238,0.010866854,0.001020594,0.067499295,0.230674007,0.001069739
314,0.114002627,0.000925348,0.05135373,0.010642127,0.078464977,0.013012444,0.006357354,0.001544131,0.00162395,0.000700031,0.147331551,0.223242432,0.000405775
315,0.311542339,0.179089457,0.752543211,0.301216784,0.160537079,0.306039359,0.760305047,0.334474832,0.12737307,0.002018419,0.293592244,0.494499442,0.011871621
316,0.227907535,0.09297353,0.477010697,0.051197223,0.268428713,0.0584064,0.214231908,0.033507086,0.023674231,0.006152214,0.315666556,0.524512796,0.007614999
317,0.681598746,0.714993,0.953360558,0.94029541,0.948750257,0.94865476,0.867410779,0.99069196,0.547959745,0.860912025,0.672037959,0.778363182,0.942567348
318,0.886550413,0.502628028,0.946525633,0.994353719,0.964381397,0.996053177,0.863860786,0.98275882,0.633130372,0.959762037,0.857675791,0.912648109,0.994965374
319,0.611099249,0.110040404,0.114914946,0.792415068,0.556222916,0.848005401,0.113570899,0.669989169,0.011969864,0.005108506,0.275792778,0.61953095,0.115054637
320,0.001579604,0.000266455,0.004207697,8.14E-11,0.018426793,4.47E-11,0.00037355,0.000565568,0.001936011,0.000504369,0.000352005,0.069473354,9.33E-05
321,0.097530705,5.65E-05,0.000250118,0.002915375,0.003899822,0.005524932,0.00010861,0.000195791,1.09E-06,0.000358961,5.35E-05,0.008242948,4.05E-05
322,0.866980524,0.736952424,0.903751195,0.990082499,0.898756325,0.993430913,0.553654075,0.985908568,0.864347637,0.894742072,0.671526968,0.887775119,0.99165678
323,0.829552529,0.916779339,0.473989755,0.970465651,0.966586053,0.977320447,0.973932385,0.992479682,0.991118252,0.990615904,0.948861241,0.937465773,0.982647598
324,0.008228808,7.78E-05,0.000511996,1.43E-05,0.002582385,2.83E-05,0.000346977,0.000129366,0.000116422,0.000188956,7.29E-06,0.022440921,0.00586625
325,0.815400422,0.568469703,0.565305531,0.961653102,0.959194541,0.971263225,0.877840877,0.969994783,0.992785692,0.990536273,0.840003788,0.935386134,0.992093384
326,0.996541517,0.990755618,0.139180794,0.999991124,0.922480106,0.999996925,0.964765728,0.99306798,0.993596435,0.981754363,0.675440609,0.976689086,0.93219763
327,0.998214579,0.992169082,0.048814889,0.999998754,0.939906359,0.999999671,0.972224057,0.891329169,0.988965154,0.986683905,0.556995273,0.977189262,0.968150198
328,0.052394344,7.41E-05,0.000110794,0.013451812,0.002885971,0.04436145,5.61E-05,0.000205826,0.000527231,0.000576351,2.88E-05,0.027848835,0.000165393
329,0.008850895,0.000141957,0.000107374,2.91E-05,0.014889009,0.000135028,0.000122561,0.000108936,0.000803345,0.000358962,5.98E-05,0.036599794,0.000540026
330,0.010284213,0.000340673,4.33765E-05,1.02E-05,0.00338867,3.35E-05,0.000833987,0.00014733,0.000236907,0.000358961,9.77E-05,0.045581073,0.000332017
331,0.009868264,0.001395165,0.000355774,4.48E-06,0.005253294,2.07E-05,0.001873509,0.000101558,0.001168312,0.000358961,0.000470618,0.180624645,0.000421039
332,0.001611654,0.000148285,9.78068E-05,2.88E-07,0.002639507,2.40E-06,0.000207091,5.03E-05,0.000118683,0.000367708,1.84E-05,0.012265034,0.000164907
333,0.734371341,0.22592023,0.00741267,0.292049404,0.56756264,0.577176393,0.409817308,0.000915153,0.014724774,0.002147777,0.008528889,0.747343744,0.253952146
334,0.99869519,0.991181374,0.224669516,0.999999727,0.972032666,0.999999929,0.992521226,0.762157679,0.746462226,0.988303304,0.863857627,0.980270731,0.970657229
335,0.998565481,0.991660178,0.231201857,0.999999537,0.969332814,0.999999875,0.992017865,0.778049886,0.822454453,0.956503212,0.914726198,0.980982612,0.970307171
336,0.965323047,0.970062852,0.811310649,0.993868249,0.816008627,0.994470523,0.982708156,0.996612847,0.918284118,0.990531802,0.996920586,0.988664693,0.988414645
337,0.803517107,0.853454351,0.939387023,0.761788896,0.896445811,0.76370518,0.667991698,0.58722353,0.887533844,0.987123489,0.706131756,0.973770234,0.568399489
338,0.002150787,0.000174398,0.000222714,1.31E-08,0.003893198,3.47E-08,0.002337577,0.000105505,0.00065423,0.000367465,6.91E-06,0.005990248,0.001009867
339,1.15E-05,0.000129436,0.000896245,3.06E-16,0.002747029,2.08E-16,0.00325876,0.000275825,0.00052245,0.000823116,4.86E-05,0.009489242,0.001509249
340,0.96404389,0.987928331,0.813754022,0.987490503,0.748057127,0.987173121,0.732436299,0.981221497,0.917522252,0.99065876,0.969931543,0.987241175,0.548114955
341,0.868868433,0.904118955,0.900658488,0.993240847,0.918835282,0.993613692,0.987458825,0.959048271,0.934040368,0.957504213,0.970561206,0.948162285,0.996513903
342,0.848721768,0.809837699,0.916140676,0.989998783,0.873509347,0.991572905,0.984050691,0.958885908,0.93172425,0.955678463,0.964506269,0.945831069,0.993133903
343,0.574276672,0.010890713,0.11944218,0.871993894,0.334559441,0.893709088,0.942452669,0.081444971,0.806209922,0.143576741,0.425234586,0.754257728,0.029387441
344,0.379442908,0.013729569,0.20456104,0.018096317,0.414786011,0.021945985,0.002088885,0.109963603,0.006343516,0.015230745,0.024330517,0.299070429,0.267893672
345,0.850758955,0.818878233,0.885611892,0.989442233,0.956416011,0.990181799,0.942571044,0.971767068,0.922576904,0.963385642,0.912991285,0.938676008,0.976227105
346,0.833948555,0.883603394,0.924395979,0.988189126,0.902321935,0.990541325,0.985022604,0.959449828,0.96429795,0.963538766,0.826048076,0.937879352,0.995073974
347,0.858139218,0.95469892,0.924508452,0.990877513,0.945835888,0.992715791,0.97758013,0.961348176,0.931518495,0.934961259,0.922980189,0.935794657,0.997400284
348,0.694260826,0.695101261,0.826318383,0.85066797,0.831525445,0.85068154,0.271562666,0.867295623,0.77183044,0.358071327,0.800273538,0.80964722,0.71803242
349,0.409999575,0.932991028,0.794223309,0.050553624,0.867802024,0.094379629,0.28308025,0.329290807,0.689880908,0.005020085,0.158469036,0.683242267,0.504341781
350,0.677179666,0.844863057,0.889113963,0.856456116,0.823677957,0.88182423,0.289581627,0.881961286,0.914022744,0.397192091,0.775948107,0.852409124,0.817230105
351,0.856662796,0.899892688,0.925646067,0.992208135,0.94537729,0.99345656,0.849763453,0.962228179,0.945297301,0.920264959,0.822865188,0.93272651,0.986424685
352,0.900811117,0.959331334,0.682283104,0.989587513,0.884659827,0.992072229,0.649977028,0.915108383,0.893677533,0.511455417,0.818434477,0.924294236,0.983346701
353,0.423373793,0.034042958,0.036444999,0.116128761,0.713481903,0.135723299,0.003856037,0.01287184,0.236229241,0.004038467,0.159149885,0.476178683,0.078598171
354,0.4823679,0.901811302,0.295665175,0.531087985,0.749361038,0.60813401,0.541143894,0.867451847,0.906805873,0.11309588,0.801375985,0.94163599,0.640184939
355,0.885135478,0.950877726,0.869419158,0.986221807,0.871779919,0.988968956,0.873685122,0.982259393,0.904156566,0.896697164,0.634871125,0.962882431,0.984540641
356,0.907993154,0.936085761,0.666660547,0.983455651,0.87374109,0.986916278,0.725698948,0.975335598,0.964914322,0.982220292,0.922887981,0.958467131,0.991874993
357,0.975957122,0.983623743,0.996125758,0.999286882,0.651379168,0.999574111,0.992683709,0.998794436,0.989842832,0.9846102,0.997853339,0.994425421,0.998588383
358,0.952941336,0.989854276,0.962532997,0.998411285,0.963824391,0.998740007,0.98508352,0.998444498,0.950310886,0.981235504,0.999493003,0.993072799,0.998085976
359,0.904926294,0.981677294,0.862224758,0.9959546,0.771791577,0.996854765,0.982815921,0.97635299,0.934333205,0.962672949,0.990376413,0.94878843,0.997171819
360,0.963826161,0.98169899,0.946582556,0.999421778,0.879568994,0.999595529,0.985489547,0.992904961,0.957219481,0.962672949,0.995755792,0.976022387,0.997558713
361,0.009701374,0.07834471,0.128150463,1.63E-06,0.031220969,1.86E-06,0.007806509,0.062461533,0.3059448,0.049939401,0.016098388,0.232841868,0.030284965
362,0.489665215,0.948895574,0.857400477,0.037466851,0.316002965,0.045810118,0.971183121,0.971389174,0.957219005,0.845472932,0.939561605,0.882282573,0.986384451
363,0.945100969,0.978783607,0.955346167,0.998696753,0.805327833,0.999008541,0.974800646,0.992260516,0.957199156,0.962672949,0.979724288,0.955907825,0.997601092
364,0.669725489,0.951220691,0.9906708,0.948177722,0.910437703,0.949641864,0.966033757,0.990353465,0.968284309,0.947892189,0.999310613,0.934618423,0.956857085
365,0.685489275,0.912376523,0.993994653,0.953761214,0.913249314,0.947791215,0.968674421,0.994267821,0.976222396,0.964131594,0.999225616,0.934987885,0.988749623
366,0.044385505,0.008576038,0.04413705,0.001037625,0.013103099,0.001047245,0.111412168,0.001697989,0.017825156,0.004594365,0.012989287,0.173153152,0.016445894
367,0.388683623,0.836444736,0.887801409,0.752328236,0.82733047,0.771793005,0.906721771,0.870773673,0.895369351,0.946240962,0.951802135,0.781364196,0.38740167
368,0.620121372,0.911533833,0.994986653,0.936756943,0.898759425,0.932996159,0.913850546,0.991012752,0.97826159,0.972868919,0.998991668,0.923107812,0.988593221
369,0.721144926,0.997155428,0.998022318,0.975423869,0.961378813,0.973711651,0.997859061,0.996634543,0.981963992,0.983651578,0.999236465,0.957664859,0.992261589
370,0.00507137,0.004170634,0.360571891,6.14E-07,0.008385733,4.63E-07,0.219411522,0.004076895,0.101581417,0.010755021,0.148561597,0.184008688,0.005745012
371,0.009021109,0.000112288,0.000757311,8.21E-06,0.004909201,8.29E-06,0.001713799,0.00021381,3.05E-05,0.000921714,3.77E-05,0.027310774,0.000134311
372,0.000116622,3.97E-05,0.000308462,5.94E-13,0.000142478,3.39E-13,5.68E-05,0.00014956,6.41E-06,0.00018916,2.92E-05,0.002138186,2.82E-05
373,0.051276824,0.318593621,0.884227872,0.000991577,0.34127295,0.000784846,0.436796099,0.051051054,0.886235416,0.909475982,0.978070319,0.644649456,0.186926693
374,0.464443112,0.946125507,0.991674244,0.847219199,0.969830155,0.846714867,0.912840903,0.932962894,0.986371696,0.976348221,0.992730796,0.858350152,0.667296171
375,0.769289167,0.302670151,0.651764214,0.978853445,0.91482842,0.981797305,0.262687147,0.380540818,0.43423903,0.468067884,0.637039423,0.829175396,0.96600312
376,0.627046305,0.479536802,0.650540948,0.865503129,0.922742307,0.874599932,0.266517878,0.572281182,0.271044701,0.538491011,0.624893904,0.805186197,0.961477757
377,0.436228475,0.049356986,0.488042206,0.537841984,0.644175231,0.547022537,0.133978859,0.192757294,0.21335873,0.467425466,0.042246606,0.622300444,0.635384381
378,0.437949351,0.058073208,0.465297818,0.581545373,0.758607209,0.587970822,0.167587295,0.07988628,0.188419536,0.262780011,0.097668916,0.610240806,0.857526064
379,0.36168307,0.01376481,0.173306882,0.120420754,0.171019182,0.164888319,0.069965944,0.005169053,0.01273296,0.007845311,0.100440376,0.329938989,0.084910952
380,0.746134928,0.699504733,0.590256631,0.97491748,0.935664058,0.976352011,0.27638188,0.761173785,0.304712921,0.509302497,0.832132757,0.823327968,0.948681951
381,0.698190521,0.410997391,0.372255176,0.961585471,0.79539907,0.96618796,0.749191344,0.5801301,0.54885447,0.318234205,0.920443594,0.822540563,0.982740581
382,0.447540819,0.405729771,0.179720223,0.7222242,0.769658685,0.711699381,0.416978598,0.09348996,0.685575128,0.286033243,0.629374504,0.671076575,0.856560886
383,0.614113592,0.535122454,0.278142601,0.865695844,0.870903671,0.858608365,0.598325014,0.105811477,0.7510373,0.290226698,0.513174713,0.797691112,0.966515541
384,0.710789674,0.698181093,0.444866628,0.967515735,0.763631046,0.971105439,0.605400383,0.798493266,0.639122546,0.317337215,0.915159285,0.832755727,0.978546798
385,0.43992145,0.954267502,0.721000791,0.891429667,0.812551677,0.931944496,0.145349666,0.966941714,0.915215075,0.391384959,0.701906621,0.839794185,0.96927613
386,0.19463569,0.195201591,0.010109051,0.255410055,0.08004646,0.388379598,0.046586592,0.871278644,0.037575729,0.001474007,0.030685438,0.346157265,0.64947021
387,0.174321928,0.011704753,0.001137228,0.090338905,0.007736292,0.170899281,0.171322718,0.019332601,0.044553339,0.000654787,0.005835732,0.254077827,0.240239233
388,0.2234753,0.081715301,0.051507194,0.288013069,0.487122953,0.43152738,0.307630241,0.899839997,0.711348653,0.001571959,0.080595069,0.559171646,0.521952689
389,0.305278292,0.036376022,0.009952113,0.31208114,0.026773525,0.529493952,0.100977622,0.0300011,0.14555335,0.000677806,0.002576419,0.247448863,0.017662052
390,0.048662838,0.031576563,0.01861262,0.00045622,0.046955846,0.000834066,0.112625808,0.085439838,0.108933173,0.000654558,0.003655351,0.230904632,0.785415709
391,0.510145645,0.980357468,0.483377576,0.867579308,0.923447967,0.930533256,0.285851985,0.955102265,0.98543787,0.346925288,0.381489307,0.84911806,0.988162935
392,0.505871432,0.978990316,0.319405913,0.877802357,0.752431154,0.936258266,0.783015847,0.851508856,0.867817104,0.763824701,0.486349851,0.857239017,0.996176958
393,0.282026802,0.185571358,0.009526062,0.297613935,0.163110107,0.423261026,0.089891635,0.767176867,0.160020322,0.000655438,0.024898561,0.370622092,0.15782702
394,0.037759364,0.067610539,0.005131659,0.000449127,0.019457603,0.000765852,0.108821511,0.279827982,0.785740435,0.000943858,0.008976987,0.486509823,0.577792525
395,0.000111147,0.000185886,0.000636358,9.00E-10,0.000363771,9.83E-10,0.000221573,7.78E-05,9.99E-05,0.000367716,2.88E-05,0.014787998,0.004698015
396,0.509328845,0.990702271,0.419000328,0.895417357,0.938797057,0.949668766,0.965662837,0.960508406,0.908051193,0.169136122,0.8815732,0.853363077,0.996373117
397,0.841039461,0.997781336,0.900300264,0.971013455,0.950212479,0.984644149,0.908289909,0.995817244,0.998265326,0.987294495,0.991965294,0.996055094,0.859074473
398,9.04E-06,8.52E-05,3.99833E-05,2.91E-14,0.000109808,1.40E-14,6.56E-06,6.55E-05,7.12E-05,0.000367716,3.78E-06,0.00892333,0.000554105
399,0.000456921,4.35E-05,0.000289021,8.52E-09,0.00015783,6.39E-10,2.08E-05,0.000234722,0.00013862,0.000367716,1.93E-05,0.02523804,0.000416305
400,0.811911438,0.998396337,0.853957593,0.975253671,0.849474907,0.986370448,0.850944579,0.952587008,0.997343123,0.990150213,0.997279465,0.995746399,0.843481541
401,0.988255235,0.998083949,0.992431641,0.999164435,0.744285762,0.999787666,0.974970818,0.9971596,0.983266592,0.99006021,0.999231935,0.999871496,0.997459233
402,0.001109874,0.634090781,0.776015163,6.89E-08,0.096585192,4.77E-08,0.650465727,0.008159779,0.573880851,0.028073668,0.68519479,0.853234455,0.910894215
403,0.000318539,0.000372092,0.053008501,3.25E-09,0.002622799,2.03E-09,0.011836818,0.000106098,0.00019171,0.019861944,0.00032971,0.170806135,0.014187443
404,0.054747376,0.053671647,0.153171971,2.97E-05,0.0692745,0.000119081,0.587159991,0.000750025,0.013622739,0.416449279,0.253226995,0.752430289,0.237823084
405,0.000747187,0.001306001,0.018979847,1.82E-11,0.007839523,2.36E-11,0.548515141,0.000142376,0.009595838,0.082858972,0.006791311,0.181333435,0.047259837
406,0.993794127,0.997491479,0.994907439,0.999688824,0.924771905,0.999911153,0.975094914,0.997046649,0.917368472,0.989989042,0.999478281,0.999889767,0.999005258
407,0.951288656,0.999343455,0.961246431,0.993899227,0.820421517,0.998169156,0.985787511,0.981948912,0.984179974,0.990672886,0.993470907,0.995385119,0.966138542
408,0.005216224,0.000480316,0.005292815,1.14E-08,0.022863107,2.07E-08,0.00844007,0.000870934,0.001095091,0.006534582,0.001202458,0.13994658,0.138891131
409,0.002314026,0.000395382,0.000369635,1.66E-09,0.003116778,3.15E-09,0.000567302,0.000234074,0.000559044,0.000359805,6.66E-05,0.028900513,0.000666216
410,0.958819714,0.998827398,0.961311698,0.995381765,0.818366528,0.997993482,0.990098178,0.980514765,0.901187778,0.988343835,0.988630772,0.994133749,0.992918551
411,0.849992814,0.952401876,0.932856262,0.990117665,0.588925183,0.995128827,0.938306272,0.877168477,0.94524765,0.859973311,0.995550156,0.993740869,0.979426324
412,0.004430347,0.001276616,0.009090083,8.35E-07,0.073949233,5.72E-07,0.002158056,0.000417678,0.001903726,0.000477287,0.001009035,0.160962873,0.085648879
413,0.002760885,0.074317761,0.112377785,1.11E-07,0.041983847,6.79E-08,0.006627078,0.000381291,0.010556395,0.000482577,0.009423186,0.236629358,0.013220122
414,0.895642261,0.940295994,0.939175844,0.988977338,0.594796658,0.993808177,0.963777661,0.72141695,0.878315806,0.657674611,0.959471643,0.991242635,0.953318596
415,0.98830764,0.733370721,0.506000459,0.999998224,0.902019501,0.999999341,0.982809901,0.980182886,0.994166493,0.8599751,0.996684492,0.995208598,0.628887773
416,0.989375686,0.992423773,0.763072372,0.999755386,0.370450467,0.99989036,0.974708319,0.895893931,0.866280496,0.978048682,0.993676126,0.985358312,0.605169654
417,0.989222783,0.994097352,0.661542296,0.999791725,0.700615287,0.999921472,0.966676831,0.894946098,0.92543608,0.983647168,0.99306196,0.986286502,0.791600406
418,0.774584181,0.123549826,0.431423992,0.062792286,0.560845852,0.19255378,0.293516368,0.976246715,0.266324729,0.930248082,0.988627255,0.940670266,0.103605278
419,0.013719785,0.000106951,0.000758328,2.60E-07,0.003049006,6.80E-07,0.000750913,0.000137768,0.00025661,0.000359275,1.18E-05,0.017872179,0.000744005
420,0.013177824,0.000196733,0.002648797,3.95E-07,0.001929299,1.01E-06,0.000507721,0.000149653,9.21E-05,0.000581087,1.33E-05,0.014496818,0.000732111
421,0.991598077,0.994765878,0.562576115,0.999903583,0.818960965,0.999964835,0.915061414,0.948857069,0.927431822,0.987700462,0.990829349,0.99316445,0.384415865
422,0.995386664,0.992001534,0.451062024,0.999987628,0.884403229,0.999995989,0.894985914,0.922599256,0.941448331,0.991957545,0.993104279,0.996894854,0.99147135
423,0.106460136,0.009717346,0.129994199,3.05E-05,0.624222159,6.27E-05,0.027312931,0.080740333,0.032776874,0.108814925,0.082552575,0.779742798,0.074481554
424,0.022700512,0.000120894,0.00540847,2.53E-06,0.006049317,7.22E-06,0.000675647,0.003228446,9.62E-05,0.000497474,0.000213139,0.031856845,0.000472492
425,0.019054338,0.000117068,0.002101576,1.60E-06,0.004879697,5.22E-06,0.000856917,0.000542032,5.82E-05,0.000497468,7.19E-05,0.029197312,0.000722119
426,0.728432352,0.002597935,0.061669052,0.433464296,0.616744161,0.601990178,0.000835091,0.188038707,0.005042516,0.002053242,0.006624417,0.651338991,0.006390876
427,0.19835923,0.000499324,0.002942736,0.000499738,0.125455603,0.00117659,0.001289551,0.025134638,0.003014368,0.000681013,0.001004973,0.237125588,0.005549549
428,0.993842968,0.991904974,0.489264786,0.999955959,0.883036256,0.999985269,0.860679924,0.968916774,0.935774803,0.985862136,0.994666576,0.993411647,0.95811367
429,0.926056729,0.998758435,0.510724902,0.986255668,0.924138844,0.991627483,0.30238083,0.88490504,0.920202076,0.980726421,0.99660635,0.979774575,0.376559138
430,0.009760439,6.98E-05,0.006176279,3.17E-07,0.144719884,3.78E-07,0.001278904,0.000245529,0.000229263,0.000272496,0.000103098,0.107699233,0.002751245
431,0.007772018,0.000128455,0.001831461,7.37E-08,0.002041749,9.95E-08,4.27E-05,0.000341155,1.84E-05,0.000272431,1.26E-05,0.019637699,0.000164256
432,0.011546138,4.51E-05,0.005893661,5.13E-07,0.144143566,6.73E-07,0.001261106,0.000539937,0.000228082,0.000272439,0.000120358,0.110863189,0.002772577
433,0.923172354,0.998707771,0.64814353,0.98511881,0.91955024,0.991000785,0.08577688,0.888612628,0.737888157,0.908413172,0.995095134,0.975154264,0.293472826
434,0.773842244,0.977900207,0.985617101,0.949124493,0.876335382,0.951836553,0.988736212,0.997885644,0.954052985,0.976157546,0.998352408,0.931843615,0.99193728
435,0.789410158,0.991517961,0.991345942,0.9737774,0.936326265,0.974946303,0.963542104,0.993801296,0.969422102,0.967441857,0.995316029,0.924556125,0.991876364
436,0.756352818,0.993982732,0.987291575,0.971099562,0.78101027,0.978655655,0.706840396,0.997776926,0.986263871,0.947556019,0.992474854,0.923141529,0.995065033
437,0.375835493,0.856360853,0.771602869,0.394916778,0.107297175,0.475929707,0.291140348,0.596590519,0.954876125,0.689101875,0.778458655,0.6434563,0.380597293
438,0.211724701,0.32002458,0.263761312,0.062417536,0.087651521,0.086282464,0.373719662,0.48003611,0.968738198,0.688752413,0.553377151,0.492204,0.55492115
439,0.270030458,0.24176845,0.745325565,0.132658567,0.15834257,0.181631976,0.171219692,0.27908957,0.947710693,0.688970864,0.803992927,0.541394109,0.25713563
440,0.274743527,0.462620676,0.894501865,0.175100203,0.079333603,0.219558426,0.178238004,0.809464276,0.946363628,0.658689678,0.762376606,0.548074294,0.372700483
441,0.290872212,0.24414371,0.606102288,0.192913888,0.148153737,0.258252298,0.21959886,0.760336876,0.944991708,0.252707809,0.794310987,0.521610038,0.528223276
442,0.146137917,0.006573961,0.358534664,0.015917016,0.263479531,0.018269179,0.197487876,0.655530512,0.977632821,0.032797597,0.415150374,0.399440283,0.12389791
443,0.00039203,0.000125638,0.000141321,5.97E-12,0.00166803,6.02E-12,2.70E-05,3.66E-05,6.29E-06,0.000319988,7.78E-05,0.00185252,4.26E-05
444,0.12643599,0.008339154,0.157749936,0.027634847,0.173519924,0.031679671,0.187901601,0.154802442,0.021268772,0.27003634,0.073696494,0.281435403,0.038674898
445,0.451511723,0.893130183,0.854794323,0.810990245,0.695140004,0.884253729,0.733350337,0.898408949,0.95800817,0.945987046,0.752074122,0.804105173,0.08954335
446,0.720228415,0.98399514,0.778096139,0.989576957,0.980398357,0.98982523,0.510833323,0.972257555,0.975047112,0.942020237,0.602751374,0.853494657,0.920258403
447,0.701933078,0.990767539,0.792584419,0.987991456,0.975838244,0.987569394,0.660767019,0.965736687,0.955908418,0.94362253,0.537523568,0.85638312,0.920228839
448,0.536725174,0.859940171,0.553728223,0.891224594,0.960979581,0.876056985,0.203076586,0.931844771,0.829718649,0.941750526,0.584919274,0.817707091,0.976683795
449,0.48125076,0.191663072,0.087483294,0.820317632,0.846965075,0.818329045,0.030280575,0.718052626,0.17073366,0.120307155,0.255743057,0.731586539,0.929376602
450,0.502811055,0.598416805,0.069396935,0.875621354,0.735828578,0.866751031,0.167755559,0.861780286,0.203094721,0.813207626,0.410767734,0.732618846,0.792127073
451,0.505225522,0.938301027,0.179305166,0.875058306,0.892187297,0.876174902,0.162915796,0.96994108,0.194668114,0.941924155,0.555865884,0.742244725,0.511675775
452,0.462655615,0.340064466,0.136118248,0.809904851,0.881925941,0.796715075,0.214319274,0.785513878,0.164852485,0.036463205,0.308875233,0.725329186,0.9022066
453,0.355214695,0.01339508,0.006607382,0.21982143,0.018155431,0.107013079,0.003100621,0.480537146,0.002489552,0.002982225,0.009371274,0.332263364,0.247248754
454,0.027290044,0.006692674,0.001023112,2.11E-05,0.059845276,2.08E-05,0.057303607,0.155027598,0.002332381,0.00865728,0.00631906,0.289489564,0.116479807
455,0.533289673,0.137614414,0.126760379,0.872355988,0.385589063,0.873805706,0.33725667,0.809855282,0.003955759,0.008825893,0.027495192,0.644233434,0.140359223
456,0.370206479,0.090296932,0.051171068,0.698666617,0.381350011,0.704642194,0.170765147,0.382600635,0.007620114,0.009767347,0.007557907,0.613292158,0.562483013
457,0.411762722,0.092963941,0.384917051,0.69114703,0.625658333,0.721835939,0.130588472,0.564742506,0.010878782,0.018304288,0.009798443,0.716148074,0.980392992
458,0.626062615,0.605465353,0.874833584,0.9582919,0.953313112,0.960833218,0.874976873,0.773869455,0.814352632,0.940313876,0.241872653,0.846442277,0.993594348
459,0.759777052,0.982636571,0.929771662,0.997060105,0.964395404,0.996798614,0.883446574,0.993135214,0.743586004,0.828034341,0.499630243,0.872500436,0.963239491
460,0.413587674,0.949881852,0.547113121,0.78276256,0.905652106,0.799621257,0.253885269,0.958442271,0.059687328,0.941896021,0.479408324,0.711497301,0.890146434
461,0.719427014,0.989258587,0.776707411,0.992241443,0.974802554,0.992399331,0.825936794,0.987738013,0.982581198,0.933385909,0.925535142,0.891381156,0.927331686
462,0.663970378,0.985841274,0.582262516,0.985774274,0.944954753,0.988327441,0.895477951,0.987702072,0.851000309,0.940736949,0.841955841,0.861432474,0.873652637
463,0.972843398,0.969515324,0.355228543,0.99985221,0.989044428,0.999919376,0.341684908,0.979897082,0.942519069,0.826234758,0.508591235,0.814983281,0.967322171
464,0.920238047,0.928631723,0.529662669,0.998858167,0.929754734,0.999135492,0.301838636,0.945362926,0.970373154,0.831868112,0.716302156,0.799559908,0.930767357
465,0.569682435,0.048781771,0.069781631,0.31055984,0.488422304,0.446471958,0.193110302,0.222607285,0.809696376,0.832122028,0.4329997,0.562907797,0.86641413
466,0.039035398,0.084391244,0.005382578,0.003290981,0.014530163,0.005427264,0.002732437,0.041312478,0.014011543,0.016123733,9.48E-05,0.158165886,0.283419162
467,0.037736956,0.011417085,0.005710059,0.003133,0.076909095,0.005109862,0.003429601,0.140068114,0.039696958,0.01804916,0.000242158,0.192754996,0.055106901
468,0.223809629,0.330505252,0.03047709,0.204871696,0.815124512,0.223614974,0.018145429,0.296042383,0.373675138,0.814433396,0.05853432,0.548624931,0.323235452
469,0.246019171,0.407653928,0.018631481,0.274747675,0.87149173,0.269798151,0.032211035,0.3557266,0.314567745,0.813457012,0.024023762,0.540408282,0.248370692
470,0.042861312,0.439611048,0.092524298,0.008057796,0.191266179,0.01155301,0.095681287,0.025315847,0.005587368,0.875058115,0.040039916,0.536267931,0.794953406
471,0.046601178,0.088324629,0.008621529,0.005013979,0.221750438,0.006304185,0.041842237,0.012957939,0.004637321,0.010796458,0.000361258,0.161544822,0.141295806
472,0.043904944,0.001005359,0.002859295,0.001156668,0.061268825,0.001205608,0.002187588,0.110258296,0.00293348,0.012694331,0.000283315,0.15191068,0.013084929
473,0.401828671,0.884709716,0.253517121,0.896059415,0.968564332,0.901872696,0.145221248,0.99379456,0.941381574,0.916605413,0.528604865,0.795219697,0.983588696
474,0.803389865,0.991696179,0.955134571,0.946827118,0.791200161,0.972247763,0.959316611,0.989908934,0.992558718,0.98729533,0.991487503,0.995203238,0.978994668
475,0.826620992,0.994265139,0.968734503,0.969553798,0.944565654,0.983330319,0.931695819,0.996909678,0.981386244,0.987296581,0.995031953,0.995808145,0.998526573
476,0.000165191,0.000301718,0.001701093,5.56E-11,0.004784868,1.30E-10,4.47E-05,0.001448325,0.001362982,0.058350265,0.000105605,0.086726738,0.014470615
477,1.51E-07,4.20E-05,0.000030786,1.19E-20,9.38E-05,3.05E-20,1.51E-05,0.000116103,0.000140659,0.000367716,4.28E-06,0.001167908,0.00022087
478,0.840330874,0.994797707,0.86965692,0.969931065,0.901426554,0.981252009,0.969499171,0.997686505,0.978229463,0.976991475,0.961070776,0.995271167,0.999182761
479,0.951444488,0.233335838,0.709337831,0.999073562,0.937894046,0.999639141,0.99546057,0.753410161,0.807101369,0.988397062,0.990777135,0.980188127,0.949649274
480,0.790533355,0.143000469,0.471342981,0.847265185,0.778223574,0.921338252,0.901498139,0.865705192,0.94719404,0.994296968,0.973191917,0.965026259,0.311511904
481,0.069383441,0.000117598,0.008419046,0.001705347,0.001439727,0.003276869,0.001419408,0.000142665,8.72E-05,0.000681013,8.44E-05,0.032321971,0.00058574
482,0.090577563,0.000471885,0.007034265,0.002850402,0.006016049,0.008240407,0.000722366,0.000685606,0.000415959,0.000358961,0.000497547,0.05813517,0.005702402
483,0.008074609,0.000364143,0.002244195,7.96E-07,0.004446131,1.73E-06,0.000102818,0.000489069,0.001815986,0.000388764,0.00035207,0.041739434,0.000649182
484,0.94857221,0.664066851,0.663516343,0.998577566,0.93848294,0.999517688,0.973152101,0.951631606,0.503626943,0.988394022,0.994428635,0.979997323,0.951708376
485,0.974248315,0.985342622,0.981060386,0.999526841,0.986893177,0.999768656,0.974370062,0.993819773,0.983804762,0.992768764,0.995048702,0.989206559,0.994144142
486,0.042294538,0.0010256,0.002205938,2.90E-05,0.008552397,6.35E-05,0.002383714,0.002174893,0.001958451,0.000520699,0.000461063,0.131370161,0.000502375
487,0.11637029,0.00196916,0.013025583,0.000260604,0.054170508,0.000371985,0.003450646,0.002063,0.005579825,0.000497486,0.001896905,0.199579504,0.002054284
488,0.977655528,0.985499799,0.980512381,0.999643019,0.973735511,0.99981,0.974676311,0.975841522,0.980000675,0.992779791,0.995160758,0.987916399,0.998501062
489,0.970822014,0.98458451,0.970467985,0.999339549,0.974773943,0.999679165,0.975103319,0.97832948,0.991537452,0.992780149,0.996029735,0.985004807,0.998883665
490,0.969152061,0.668517649,0.661237061,0.999184846,0.950757027,0.999696382,0.103822924,0.762743592,0.897825897,0.925540745,0.981998801,0.968581176,0.923358262
491,0.555604708,0.006859183,0.023337018,0.844141819,0.606880665,0.836227375,0.002970772,0.007298386,0.001401638,0.0008347,0.023996703,0.589709771,0.002021282
492,0.47741636,0.028521463,0.012500273,0.497248025,0.483280331,0.733674917,0.000299736,0.007439096,0.030305812,0.000936421,0.017755333,0.578352985,0.009915453
493,0.001758295,0.000205917,0.001547986,3.67E-10,0.001875155,3.31E-09,1.16E-05,0.000128765,4.09E-05,0.000273668,9.71E-05,0.005559345,0.000276975
494,0.940662982,0.453120261,0.265785128,0.994772085,0.914379299,0.997575354,0.295424253,0.904987991,0.881739616,0.856867552,0.99263531,0.959230181,0.895830512
495,0.942997522,0.555560768,0.552702069,0.995367774,0.925863743,0.99818175,0.578756273,0.929569006,0.622418523,0.974355459,0.993734181,0.963148299,0.910046458
496,0.498996444,0.304720759,0.030979177,0.091549368,0.640784442,0.212927079,0.280969471,0.050281201,0.262508392,0.118483536,0.538083375,0.780832297,0.741539538
497,0.060677067,0.074824989,0.036645532,5.43E-05,0.162536427,0.000119035,0.001728808,0.002592773,0.003974534,0.00068151,0.023649003,0.404197617,0.058701415
498,0.006767435,0.001295698,0.000219744,2.37E-07,0.012629295,8.65E-07,0.00051994,0.000499199,3.25E-05,0.00027243,4.00E-05,0.011971471,8.08E-05
499,0.03696227,0.024324961,0.00634972,5.94E-05,0.164825767,0.000146555,0.001371755,0.00218127,0.001314699,0.000377039,0.007447608,0.372453802,0.000666087
500,0.923124694,0.500626683,0.798025668,0.993324033,0.508052468,0.997208508,0.145949751,0.734320045,0.859281003,0.973873675,0.988725245,0.976423884,0.953349173
501,0.974992757,0.739821553,0.91790992,0.998973856,0.964498937,0.999540963,0.994827807,0.884875,0.960307658,0.978721023,0.988838911,0.994110347,0.933353066
502,0.006411137,0.000371408,0.00113759,6.03E-07,0.021253664,9.86E-07,0.000285688,3.47E-05,0.00051333,0.000333367,0.001031812,0.074975853,0.000717425
503,0.006409805,0.000220703,0.001413635,5.44E-07,0.022099847,8.28E-07,0.000310365,2.99E-05,0.002283709,0.000241472,0.000623251,0.068986405,0.000717881
504,0.001355118,0.002333266,0.00082354,6.87E-11,0.001813128,8.95E-11,0.000479913,0.000142492,0.002639371,0.000343402,0.000285958,0.056401818,0.001148451
505,0.052621736,0.009461286,0.176478848,0.000120619,0.530257344,0.000223955,0.456278831,0.000347298,0.047898494,0.010834253,0.053260002,0.50443965,0.019750325
506,0.786747619,0.975992441,0.857285857,0.976135508,0.860486388,0.98143276,0.822542608,0.927646279,0.72108078,0.953022063,0.981250584,0.9753943,0.995456576
507,0.751783526,0.991351843,0.994321227,0.963789331,0.800953269,0.966474483,0.962995887,0.994918764,0.931564093,0.86777693,0.997672498,0.959425336,0.982141972
508,0.004397472,0.000225212,0.016092746,1.35E-06,0.034483314,1.38E-06,0.031866491,0.000369899,9.36E-05,0.000325932,0.000559343,0.039088168,0.000175082
509,0.422999763,0.802266717,0.957044303,0.800148422,0.838106573,0.857349885,0.788215935,0.479238927,0.929497182,0.0878824,0.721432865,0.789471783,0.268732488
510,0.739685615,0.994461954,0.979064286,0.96980916,0.901734591,0.975724156,0.988421857,0.991583049,0.975566864,0.976331294,0.998662591,0.969149769,0.987431526
511,0.956211479,0.99875772,0.99035573,0.999641504,0.687645674,0.999700317,0.983002007,0.998754025,0.895344615,0.981235623,0.999519706,0.996618986,0.995556891
512,0.957032075,0.9982723,0.992239118,0.999659991,0.765159786,0.999723887,0.978399217,0.998005569,0.910488784,0.964371204,0.997897744,0.995778252,0.995553672
513,0.874600449,0.954828978,0.899420977,0.999037912,0.659631312,0.998940333,0.944425464,0.869430065,0.916517138,0.962632656,0.936787903,0.912645089,0.983276844
514,0.780739486,0.686112642,0.92112422,0.989098186,0.937565863,0.992935327,0.819898427,0.958836794,0.932546914,0.917726159,0.89079088,0.894476026,0.997731864
515,0.594921913,0.418794841,0.25884822,0.863331818,0.51163429,0.905533092,0.258215904,0.897460282,0.8813923,0.095269188,0.673397362,0.799302947,0.987327158
516,0.597783404,0.312967449,0.371212214,0.873859504,0.677267075,0.911281614,0.220206782,0.918130755,0.90148747,0.179383039,0.715873599,0.79672307,0.974115789
517,0.012694879,0.001596359,0.013206437,1.00E-06,0.161926866,7.90E-07,0.00392572,0.003930048,0.000269236,0.001677826,0.002311108,0.211195541,0.121566743
518,0.787951457,0.852917671,0.779544413,0.989737662,0.963925064,0.992230629,0.803831041,0.978896558,0.976119816,0.960890234,0.975361586,0.896827671,0.997883976
519,0.743143579,0.996597826,0.873951912,0.988735949,0.972841859,0.988549851,0.996423066,0.985757053,0.672747791,0.987809181,0.969664037,0.904278976,0.978772521
520,0.518751255,0.992922544,0.848247767,0.871779115,0.881660879,0.855412317,0.943638682,0.97633183,0.517011344,0.886867821,0.848584116,0.879774745,0.98046279
521,0.526596459,0.988708794,0.319975346,0.91654354,0.702877879,0.911606816,0.659544289,0.982686281,0.103686146,0.684213698,0.751587093,0.807185006,0.973730564
522,0.696403913,0.990369618,0.792377174,0.986704764,0.816685498,0.986317272,0.902079821,0.972421646,0.331654102,0.963540971,0.561771512,0.866570711,0.914838791
523,0.720234508,0.990233779,0.880062759,0.988403129,0.962952793,0.988125009,0.99573344,0.977953553,0.734672368,0.990180254,0.968807995,0.899898986,0.986110449
524,0.977794249,0.950345039,0.842524886,0.999536745,0.856848598,0.999796864,0.96887958,0.968271196,0.788707316,0.994343519,0.930053353,0.994484829,0.94469285
525,0.283087799,0.016790723,0.001774077,0.030714841,0.004133289,0.053188043,0.036547601,0.003797316,5.59E-05,0.00068148,0.001917201,0.293500253,0.022655006
526,0.980364559,0.942178726,0.843113065,0.999672787,0.736419022,0.999852689,0.966450751,0.972605765,0.822717428,0.993932664,0.979262233,0.995151774,0.948481143
527,0.94877404,0.987271607,0.698381245,0.998258805,0.959379494,0.999283642,0.681676686,0.365038693,0.376908362,0.98187685,0.771408677,0.98145998,0.989668906
528,0.502296471,0.374011546,0.140050575,0.036987896,0.734696031,0.069102768,0.27395153,0.369454622,0.217650816,0.947268605,0.7275635,0.971151641,0.964826167
529,0.008570991,0.000864926,0.001519317,2.96E-06,0.030491227,6.91E-06,0.011288734,0.000909188,0.000105424,0.000671582,0.000603117,0.176921703,0.202982396
530,0.433406596,0.007822747,0.021086076,0.653823559,0.472177923,0.878460198,0.027913788,0.071810007,0.000217924,0.004020236,0.069740012,0.740161258,0.1871126
531,0.046040865,0.076540604,0.155130073,8.43E-06,0.060075469,2.16E-05,0.021038176,0.00604468,0.006442569,0.087929942,0.041865647,0.710886584,0.726154447
532,0.94268664,0.970378518,0.668653727,0.997478249,0.964357436,0.998801167,0.810352683,0.579159558,0.596414804,0.987167537,0.949013114,0.981778619,0.960632086
533,0.96772221,0.920075774,0.728358746,0.998860328,0.804965317,0.99953622,0.966292143,0.860521138,0.716496706,0.990889847,0.882660151,0.991144526,0.950852513
534,0.982252277,0.938343942,0.81607455,0.999632853,0.858633935,0.999879698,0.966190934,0.87190026,0.73401922,0.994224966,0.979260981,0.995831783,0.926232517
535,0.5526429,0.044277553,0.084796667,0.609444968,0.125161543,0.878955202,0.005621204,0.002069934,0.297944903,0.001058051,0.02007289,0.777901396,0.233866036
536,0.346771377,0.199967995,0.118442118,0.000249804,0.445593715,0.000533171,0.075587504,0.001213348,0.301658392,0.981789291,0.710616171,0.960635948,0.904363871
537,0.980687052,0.888409257,0.786333323,0.99944578,0.838132024,0.999814646,0.966788054,0.918894291,0.77425766,0.991982043,0.983582497,0.994996024,0.921829402
538,0.977235482,0.973928511,0.877121449,0.99880221,0.913163066,0.999419347,0.350682586,0.982010186,0.736395955,0.981798232,0.993464291,0.994864429,0.912081897
539,0.005712076,0.000501261,0.005458599,1.92E-08,0.001762314,3.99E-08,0.000255763,0.000583807,3.14E-05,0.000681013,1.62E-05,0.047607483,0.000203299
540,0.001032044,0.000243952,0.072043195,3.31E-11,0.027907209,5.44E-11,0.000382556,0.000562781,0.000674998,0.000684637,0.002527876,0.151167563,0.010125812
541,0.97720142,0.95675993,0.927737832,0.999019079,0.94025594,0.999577293,0.153035104,0.978654563,0.877171159,0.977300942,0.995990813,0.994106344,0.947114468
542,0.730707562,0.997141004,0.988755643,0.968033221,0.806927204,0.968419555,0.963403642,0.997536421,0.883291483,0.773653865,0.994370878,0.957735257,0.989330649
543,0.774166326,0.99498713,0.971418977,0.959035891,0.962152779,0.95355448,0.816979468,0.985630572,0.889970362,0.970854461,0.993571997,0.952384707,0.994994521
544,0.000124909,0.000205775,0.006664324,6.07E-12,0.000876258,8.61E-12,0.010706428,0.000114449,4.53E-05,0.000243295,8.08E-05,0.00234615,7.78E-05
545,0.254490267,0.335343719,0.878813028,0.016930096,0.877813518,0.017719396,0.388025939,0.105542243,0.809128106,0.214676067,0.889024377,0.77038275,0.854194939
546,0.590353248,0.859121442,0.953017116,0.838694817,0.758554876,0.854878678,0.360233098,0.788214326,0.607985973,0.351994216,0.699181318,0.868455889,0.281822503
547,0.857108755,0.723127306,0.48103258,0.986323556,0.982575774,0.992612149,0.803464115,0.993678033,0.227178261,0.972258091,0.842497349,0.947271529,0.995034575
548,0.840228229,0.974599063,0.443561465,0.982970211,0.959953368,0.989012138,0.981797457,0.987983465,0.582556963,0.981820881,0.849760234,0.943307318,0.996015012
549,0.235494094,0.011029481,0.010156265,0.023727547,0.70439285,0.035107595,0.017027495,0.003660678,0.017051453,0.001656002,0.090098061,0.533657389,0.511893809
550,0.200005067,0.024628902,0.010131129,0.015270606,0.630541444,0.025063194,0.007275006,0.004031608,0.003861201,0.001668574,0.183936015,0.533785391,0.488851964
551,0.055425295,0.365718484,0.068857715,0.012554721,0.92325902,0.030585548,0.003821992,0.209556907,0.085944332,0.02951494,0.525117159,0.73599552,0.905288994
552,0.838372257,0.971251607,0.700899482,0.982944347,0.942993999,0.990166412,0.974913716,0.982490242,0.688070297,0.986269295,0.970655441,0.940120331,0.987987876
553,0.807909865,0.983260095,0.844326913,0.989669337,0.884858191,0.992829226,0.968681812,0.989629328,0.827985704,0.990205824,0.99276638,0.93837979,0.998036206
554,0.644081465,0.896719396,0.846093953,0.689205884,0.785258532,0.787750491,0.954039395,0.975430667,0.889155328,0.944033504,0.970381916,0.90989945,0.996712923
555,0.233816247,0.041014921,0.002967182,0.075522035,0.224622473,0.115682644,0.003418578,0.264956266,0.2588889,0.141653925,0.127456978,0.553244651,0.944458127
556,0.224421004,0.034251269,0.002385179,0.077699084,0.233677879,0.114775952,0.003496914,0.263186127,0.203156933,0.149575993,0.239077777,0.548997871,0.905652881
557,0.209354213,0.036032066,0.001359648,0.066301967,0.198643625,0.091951324,0.056135934,0.240956977,0.430378616,0.226436839,0.596073568,0.562597053,0.571994603
558,0.000211824,0.000250356,0.001851284,1.49E-10,0.016855041,1.64E-10,3.64E-05,0.00163768,0.00015954,0.000406266,2.38E-05,0.02819972,0.000598457
559,0.263223172,0.099139273,0.013493299,0.229488284,0.297895014,0.314807461,0.281163901,0.461250246,0.022471994,0.059933938,0.560552597,0.6257974,0.733357549
560,0.816584949,0.982947648,0.851223886,0.989690875,0.886849999,0.992915782,0.960440695,0.992898822,0.963301957,0.990212977,0.996017873,0.938305026,0.999233127
561,0.974392388,0.885890305,0.700378597,0.999689491,0.956101477,0.999883798,0.933437526,0.865667403,0.992779315,0.994223416,0.996561825,0.996268454,0.996712327
562,0.00381725,0.001523413,0.000166331,2.05E-07,0.001608075,5.00E-07,0.000191266,0.00016897,0.003898317,0.000367722,0.000247352,0.090058813,0.005424769
563,9.24E-05,0.00060781,0.000104066,7.33E-10,0.000304192,1.07E-09,6.19E-05,0.000223346,0.001368428,0.000367724,1.98E-05,0.010398758,0.002649278
564,6.27E-05,0.000126629,0.000381918,5.71E-11,0.001689596,1.49E-10,0.001003108,0.000101503,5.17E-05,0.000367616,4.75E-05,0.006288952,0.000231212
565,0.998492664,0.992011011,0.868566096,0.999997452,0.878752172,0.99999938,0.982546329,0.938940942,0.978637338,0.981235623,0.997338474,0.999805039,0.998911619
566,0.98254332,0.930886686,0.781014264,0.999993712,0.919954836,0.999997485,0.895003974,0.268249869,0.924729645,0.958321214,0.995863795,0.997954545,0.985919595
567,0.037445071,0.135843426,0.015877241,0.000125741,0.14452219,0.000245062,0.869287789,0.06949205,0.286394268,0.827995002,0.981238306,0.916636195,0.736604452
568,6.83E-05,0.006676501,0.001238218,2.03E-12,0.033508196,9.00E-12,0.011089539,0.000207485,0.002889408,0.001592014,0.00180934,0.058519208,0.211117595
569,0.9836426,0.972264647,0.741823912,0.999991636,0.780237138,0.999997067,0.950449109,0.235804364,0.991745532,0.958321214,0.997353315,0.998067187,0.992687702
570,0.987838355,0.992282212,0.478443652,0.999897612,0.901537657,0.999953721,0.921900034,0.908341885,0.955824554,0.994411409,0.993529499,0.997599372,0.999065936
571,0.897414612,0.973727524,0.34719491,0.935231789,0.907999814,0.965906795,0.951954961,0.638806403,0.793183148,0.989983678,0.885246456,0.995583883,0.999076247
572,0.014119498,0.116221882,0.005692675,1.34E-06,0.011959036,3.02E-06,0.016315574,0.001751243,0.007105182,0.494070113,0.00826886,0.175882505,0.25609678
573,0.9806432,0.98930639,0.855549693,0.999804293,0.94603771,0.999890924,0.932776392,0.899008334,0.990280747,0.989441395,0.996277034,0.997818168,0.999076009
574,0.987474579,0.944167614,0.499800712,0.999924564,0.893813729,0.999969894,0.753911495,0.777546167,0.514323413,0.994411051,0.992399871,0.996019287,0.992238104
575,0.11616995,0.109541461,0.002578844,0.000931205,0.037449867,0.001793923,0.01209586,0.015818978,0.013658865,0.032865036,0.004484868,0.379626416,0.302753955
576,0.982973001,0.332419693,0.330830038,0.999053493,0.773326755,0.999481841,0.966251075,0.962728977,0.938192904,0.994040906,0.989380121,0.993846704,0.95882374
577,0.98639777,0.884528637,0.382659137,0.999891833,0.765204251,0.999948997,0.72731638,0.878439605,0.825386524,0.994401395,0.992561281,0.996079091,0.986551642
578,0.978979988,0.978497565,0.748669207,0.999760805,0.912306666,0.999908737,0.981021762,0.972688437,0.958792508,0.99441129,0.981619358,0.993468418,0.984702289
579,0.93875804,0.869329512,0.562460423,0.990373904,0.755784452,0.994395026,0.981003523,0.967644632,0.988444924,0.994407415,0.971635938,0.992455081,0.989522159
580,0.005132193,0.000311859,0.000394678,2.29E-07,0.001528801,5.04E-07,0.000131455,0.001756437,5.19E-06,0.000358961,6.75E-05,0.033286214,0.001157402
581,0.250366627,0.026862469,0.01858989,0.150179014,0.147685811,0.413023644,0.003253996,0.0099103,0.001823878,0.009973235,0.009366255,0.611463085,0.085398898
582,0.012061857,0.001098112,0.000508214,1.01E-06,0.001287925,1.84E-06,0.001261129,0.000843137,2.45E-05,0.000431853,9.62E-05,0.057989522,0.001131577
583,0.976368716,0.889454603,0.638451338,0.999659133,0.838705719,0.999867599,0.980716288,0.932115614,0.985654414,0.99441129,0.977152646,0.99258003,0.988984704
584,0.974781622,0.886773825,0.707217515,0.999650453,0.857677758,0.99986466,0.978048205,0.933563113,0.989581227,0.994411051,0.979540765,0.992197862,0.994545221
585,0.745485795,0.99007684,0.991445184,0.972313791,0.482766747,0.97471794,0.96314472,0.729552805,0.957184196,0.867973208,0.994356692,0.957151688,0.995192528
586,0.201841965,0.964539111,0.962343514,0.02043874,0.072917506,0.0185675,0.458511025,0.246134207,0.814371765,0.688046634,0.592695057,0.846209356,0.608943045
587,0.010763627,0.000111238,0.001723598,1.13E-05,0.001624539,1.59E-05,0.009102426,7.83E-05,0.000118228,0.000319935,4.28E-05,0.010505035,2.20E-05
588,0.41261418,0.59184438,0.714128912,0.769968224,0.509068012,0.81934613,0.28342846,0.034660209,0.843100071,0.088353813,0.270435393,0.746723815,0.493669391
